-- phpMyAdmin SQL Dump
-- version 4.7.0
-- https://www.phpmyadmin.net/
--
-- Host: 127.0.0.1
-- Gegenereerd op: 02 sep 2017 om 00:53
-- Serverversie: 10.1.25-MariaDB
-- PHP-versie: 7.1.7

SET SQL_MODE = "NO_AUTO_VALUE_ON_ZERO";
SET AUTOCOMMIT = 0;
START TRANSACTION;
SET time_zone = "+00:00";


/*!40101 SET @OLD_CHARACTER_SET_CLIENT=@@CHARACTER_SET_CLIENT */;
/*!40101 SET @OLD_CHARACTER_SET_RESULTS=@@CHARACTER_SET_RESULTS */;
/*!40101 SET @OLD_COLLATION_CONNECTION=@@COLLATION_CONNECTION */;
/*!40101 SET NAMES utf8mb4 */;

--
-- Database: `test_heroes`
--

-- --------------------------------------------------------

--
-- Tabelstructuur voor tabel `friend_requests`
--

CREATE TABLE `friend_requests` (
  `id` int(11) NOT NULL,
  `sender` int(11) NOT NULL,
  `receiver` int(11) NOT NULL,
  `status` enum('pending','accepted','declined','') NOT NULL DEFAULT 'pending'
) ENGINE=InnoDB DEFAULT CHARSET=latin1;

-- --------------------------------------------------------

--
-- Tabelstructuur voor tabel `games`
--

CREATE TABLE `games` (
  `id` int(11) NOT NULL,
  `gid` int(11) NOT NULL,
  `shard` int(11) NOT NULL,
  `game_ip` tinytext NOT NULL,
  `game_port` mediumint(9) NOT NULL,
  `game_version` tinytext NOT NULL,
  `status_join` int(11) NOT NULL,
  `status_mapname` text NOT NULL,
  `players_connected` int(11) NOT NULL,
  `players_joining` int(11) NOT NULL,
  `players_max` int(11) NOT NULL,
  `team_1` int(11) NOT NULL,
  `team_2` int(11) NOT NULL,
  `team_distribution` int(11) NOT NULL,
  `created_at` date NOT NULL,
  `updated_at` date NOT NULL
) ENGINE=InnoDB DEFAULT CHARSET=latin1;

--
-- Gegevens worden geëxporteerd voor tabel `games`
--

INSERT INTO `games` (`id`, `gid`, `shard`, `game_ip`, `game_port`, `game_version`, `status_join`, `status_mapname`, `players_connected`, `players_joining`, `players_max`, `team_1`, `team_2`, `team_distribution`, `created_at`, `updated_at`) VALUES
(5, 58, 0, '177.54.146.252', 18567, '1.42.217478.0', 0, 'both', -22, 0, 16, -21, -1, 0, '2017-08-25', '2017-08-25'),
(7, 63, 0, '177.54.146.252', 18567, '1.42.217478.0', 0, 'both', -1850, 0, 16, -1006, -844, 0, '2017-08-25', '2017-08-25');

-- --------------------------------------------------------

--
-- Tabelstructuur voor tabel `game_heroes`
--

CREATE TABLE `game_heroes` (
  `id` int(11) NOT NULL,
  `user_id` int(11) NOT NULL,
  `heroName` varchar(16) NOT NULL,
  `online` tinyint(1) NOT NULL DEFAULT '0',
  `ip_address` varchar(32) DEFAULT NULL
) ENGINE=InnoDB DEFAULT CHARSET=latin1;

--
-- Gegevens worden geëxporteerd voor tabel `game_heroes`
--

INSERT INTO `game_heroes` (`id`, `user_id`, `heroName`, `online`, `ip_address`) VALUES
(1, 1, 'Servidor1', 0, NULL),
(2, 2, 's0u1m4st3r', 0, NULL),
(3, 2, 'Ocoman', 0, NULL),
(5, 4, 'SaucyGod', 0, NULL),
(6, 5, '1234', 0, NULL),
(7, 5, '12345', 0, NULL),
(8, 5, '12346', 0, NULL),
(9, 6, 'curoxo', 0, NULL),
(10, 7, 'asdas', 0, NULL),
(11, 5, '123466', 0, NULL),
(12, 5, 'anamariq', 0, NULL),
(13, 9, '|cool|Master', 0, NULL),
(14, 7, 'asdasaa', 0, NULL),
(15, 6, 'cupreto', 0, NULL),
(16, 6, 'cuamarelo', 0, NULL),
(17, 11, 'XRE', 0, NULL),
(18, 6, 'cuaazul', 0, NULL),
(19, 6, 'cuaroza', 0, NULL),
(20, 8, 'Damon', 0, NULL),
(21, 3, 'Plato', 0, NULL),
(22, 12, 'LordHardness', 0, NULL),
(23, 3, 'Descartes', 0, NULL),
(24, 12, 'yLordHardness', 0, NULL),
(25, 3, 'Leibniz', 0, NULL),
(26, 12, 'yHardness', 0, NULL),
(27, 12, 'Hardness', 0, NULL),
(28, 3, 'Hume', 0, NULL),
(29, 12, 'Hardness.', 0, NULL),
(30, 3, 'Kant', 0, NULL),
(31, 12, 'yHardness.', 0, NULL),
(32, 3, 'Hegel', 0, NULL),
(33, 8, 'alone', 0, NULL),
(34, 14, 'ShadeshowMMH', 0, NULL),
(35, 17, 'LoL', 0, NULL),
(36, 16, 'Banana', 0, NULL),
(37, 17, '/coolim', 0, NULL),
(38, 18, 'Medowi', 0, NULL),
(39, 17, '/coolBR', 0, NULL),
(40, 16, 'Boycrazy', 0, NULL),
(41, 17, '/coolUSA', 0, NULL),
(42, 16, 'Capitao', 0, NULL),
(43, 16, 'Coronel', 0, NULL),
(44, 16, 'Spirit', 0, NULL),
(45, 16, 'Aparição', 0, NULL),
(46, 19, 'Brenotor', 0, NULL),
(47, 2, 'MachoPeludo', 0, NULL),
(48, 19, '.Brenotor', 0, NULL),
(49, 19, 'yBrenotor', 0, NULL),
(50, 19, 'y.Brenotor', 0, NULL),
(51, 21, 'Artist', 0, NULL),
(52, 20, 'hghf', 0, NULL),
(53, 20, 'guners235', 0, NULL),
(54, 18, 'Medow', 0, NULL),
(55, 22, 'sdaers23', 0, NULL),
(57, 25, 'Medowii', 0, NULL),
(58, 11, 'tbc', 0, NULL),
(59, 9, '|cool|Feminist', 0, NULL),
(60, 26, 'SoSo', 0, NULL),
(62, 2, 'MachoVirgem', 0, NULL),
(63, 27, 'guitarra_humana', 0, NULL),
(64, 27, 'santanaAcabeComE', 0, NULL),
(66, 27, 'imagineTKSPELADO', 0, NULL),
(67, 27, 'thjtd9poghiutdk', 0, NULL),
(68, 22, 'lovegames1', 0, NULL),
(70, 26, 'GunSoSo', 0, NULL),
(71, 28, '|cool|Battousai', 0, NULL),
(72, 5, 'Skillz.', 0, NULL),
(73, 14, 'Shades', 0, NULL),
(74, 30, 'test1', 0, NULL),
(75, 30, 'test12', 0, NULL),
(76, 30, 'test123', 0, NULL),
(77, 30, 'test1234', 0, NULL),
(78, 30, 'test12345', 0, NULL),
(79, 4, 'SauceGod', 0, NULL),
(81, 4, 'SauceGodx', 0, NULL),
(82, 28, '|cool|Sakabatou', 0, NULL),
(85, 4, '|Cool| God', 0, NULL),
(90, 6, '|cool|Mando', 0, NULL),
(132, 18, 'Medo', 0, NULL),
(167, 18, 'Med', 0, NULL),
(168, 26, 'SoSoMando', 0, NULL),
(171, 18, 'Medw', 0, NULL),
(185, 18, 'Medwo', 0, NULL),
(245, 17, 'm0nkey', 0, NULL),
(310, 14, 'imShades', 0, NULL),
(329, 14, 'Sedahs', 0, NULL),
(349, 14, 'justShades', 0, NULL),
(359, 11, 'TCBS', 0, NULL),
(408, 26, 'Starkiii', 0, NULL);

-- --------------------------------------------------------

--
-- Tabelstructuur voor tabel `game_player_regions`
--

CREATE TABLE `game_player_regions` (
  `userid` int(11) NOT NULL,
  `region` varchar(2) DEFAULT NULL
) ENGINE=InnoDB DEFAULT CHARSET=latin1;

-- --------------------------------------------------------

--
-- Tabelstructuur voor tabel `game_player_server_preferences`
--

CREATE TABLE `game_player_server_preferences` (
  `userid` int(11) NOT NULL,
  `gid` int(11) NOT NULL
) ENGINE=InnoDB DEFAULT CHARSET=latin1;

-- --------------------------------------------------------

--
-- Tabelstructuur voor tabel `game_servers`
--

CREATE TABLE `game_servers` (
  `id` int(11) NOT NULL,
  `servername` varchar(32) NOT NULL,
  `secretKey` varchar(32) NOT NULL,
  `user_id` int(11) NOT NULL,
  `username` varchar(32) NOT NULL
) ENGINE=InnoDB DEFAULT CHARSET=latin1;

--
-- Gegevens worden geëxporteerd voor tabel `game_servers`
--

INSERT INTO `game_servers` (`id`, `servername`, `secretKey`, `user_id`, `username`) VALUES
(1, 'Servidor1', 'Servidor1', 1, 'Servidor1');

-- --------------------------------------------------------

--
-- Tabelstructuur voor tabel `game_server_player_stats`
--

CREATE TABLE `game_server_player_stats` (
  `id` int(11) NOT NULL,
  `gid` int(11) NOT NULL,
  `pid` int(11) NOT NULL,
  `statsKey` varchar(32) NOT NULL,
  `statsValue` varchar(64) NOT NULL,
  `created_at` timestamp NOT NULL DEFAULT CURRENT_TIMESTAMP,
  `updated_at` timestamp NOT NULL DEFAULT CURRENT_TIMESTAMP
) ENGINE=InnoDB DEFAULT CHARSET=latin1;

-- --------------------------------------------------------

--
-- Tabelstructuur voor tabel `game_server_regions`
--

CREATE TABLE `game_server_regions` (
  `game_ip` varchar(15) NOT NULL,
  `region` varchar(2) NOT NULL,
  `country` varchar(2) NOT NULL,
  `weight` int(11) NOT NULL
) ENGINE=InnoDB DEFAULT CHARSET=latin1;

-- --------------------------------------------------------

--
-- Tabelstructuur voor tabel `game_server_stats`
--

CREATE TABLE `game_server_stats` (
  `id` int(11) NOT NULL,
  `gid` int(11) NOT NULL,
  `statsKey` varchar(32) NOT NULL,
  `statsValue` varchar(32) NOT NULL,
  `created_at` date DEFAULT NULL,
  `updated_at` date DEFAULT NULL
) ENGINE=InnoDB DEFAULT CHARSET=latin1;

-- --------------------------------------------------------

--
-- Tabelstructuur voor tabel `game_stats`
--

CREATE TABLE `game_stats` (
  `id` int(11) NOT NULL,
  `user_id` int(11) NOT NULL,
  `heroID` int(11) NOT NULL,
  `statsKey` varchar(32) NOT NULL,
  `statsValue` varchar(128) NOT NULL
) ENGINE=InnoDB DEFAULT CHARSET=latin1;

--
-- Gegevens worden geëxporteerd voor tabel `game_stats`
--

INSERT INTO `game_stats` (`id`, `user_id`, `heroID`, `statsKey`, `statsValue`) VALUES
(0, 1, 1, 'c_apr', '10;979;981'),
(0, 1, 1, 'c_emo', '5000;5007;5016;0;0;0;0;0;0'),
(0, 1, 1, 'c_eqp', '3014;3002;2141;3155;0;0;0;0;0;0'),
(0, 1, 1, 'c_kit', '0'),
(0, 1, 1, 'c_team', '1'),
(0, 1, 1, 'c_tut', '1'),
(0, 1, 1, 'c_wallet_valor', '59'),
(0, 1, 1, 'elo', '1000'),
(0, 1, 1, 'level', '30'),
(0, 1, 1, 'xp', '0'),
(0, 2, 2, 'c_apr', '200;215;546;1054;1058;1323'),
(0, 2, 2, 'c_emo', '5000;5007;5016;5003;5005;5011;5010;5023;5031'),
(0, 2, 2, 'c_eqp', '3076;3019;2145;2105;2157;2125;2153;2149;2004;0'),
(0, 2, 2, 'c_items', '2001;2002;2003;2004;2005;2101;2102;2103;2104;2105;2121;2122;2123;2124;2125;2141;2142;2143;2144;2145;2146;2147;2148;2149;2150;215'),
(0, 2, 2, 'c_kit', '0'),
(0, 2, 2, 'c_ltm', '8985.0000'),
(0, 2, 2, 'c_ltp', '8985.0000'),
(0, 2, 2, 'c_slm', '15.0000'),
(0, 2, 2, 'c_team', '1'),
(0, 2, 2, 'c_tut', '1'),
(0, 2, 2, 'c_wallet_hero', '0.0000'),
(0, 2, 2, 'c_wallet_valor', '59'),
(0, 2, 2, 'elo', '1000'),
(0, 2, 2, 'level', '30'),
(0, 2, 2, 'xp', '500'),
(0, 2, 3, 'c_apr', '10;978;980;1114'),
(0, 2, 3, 'c_emo', '5000;5007;5016;0;0;0;0;0;0'),
(0, 2, 3, 'c_eqp', '3041;3137;2090;3158;0;2079;2074;0;0;0'),
(0, 2, 3, 'c_items', '2001;2002;2003;2004;2005;2070;2071;2072;2073;2074;2075;2076;2077;2078;2079;2086;2087;2088;2089;2090;2146;2147;2148;2149;2150;215'),
(0, 2, 3, 'c_kit', '1'),
(0, 3, 3, 'c_ltm', '8985.0000'),
(0, 2, 3, 'c_ltp', '8985.0000'),
(0, 3, 3, 'c_slm', '24.0000'),
(0, 2, 3, 'c_team', '1'),
(0, 2, 3, 'c_tut', '1.0000'),
(0, 2, 3, 'c_wallet_hero', '0.0000'),
(0, 2, 3, 'c_wallet_valor', '59'),
(0, 2, 3, 'elo', '1000'),
(0, 2, 3, 'level', '30'),
(0, 2, 3, 'xp', '500'),
(0, 4, 4, 'c_ltm', '8985.0000'),
(0, 4, 4, 'c_slm', '0.0000'),
(0, 4, 4, 'c_tut', '2.0000'),
(0, 4, 5, 'ct', '48.0396'),
(0, 4, 5, 'c_apr', '247;408;475;536;1075;1101;1119;1128;1143;1236'),
(0, 4, 5, 'c_emo', '5038;5037;5035;0;0;0;0;0;0'),
(0, 4, 5, 'c_eqp', '3137;3076;2145;2105;2041;2124;2153;0;0;0'),
(0, 4, 5, 'c_items', '2001;2002;2003;2004;2005;2041;2101;2102;2103;2104;2105;2121;2122;2123;2124;2141;2142;2143;2144;2145;2146;2147;2148;2149;2150;215'),
(0, 4, 5, 'c_kit', '0'),
(0, 5, 5, 'c_ltm', '8984.0000'),
(0, 4, 5, 'c_ltp', '8985.0000'),
(0, 5, 5, 'c_slm', '1.0000'),
(0, 4, 5, 'c_team', '1'),
(0, 4, 5, 'c_tut', '1.0000'),
(0, 4, 5, 'c_wallet_hero', '0.0000'),
(0, 4, 5, 'c_wallet_valor', '59'),
(0, 4, 5, 'c_wmid0', '0.0000'),
(0, 4, 5, 'c_wmid1', '0.0000'),
(0, 4, 5, 'dfv5', '1.0000'),
(0, 4, 5, 'div5', '1.0000'),
(0, 4, 5, 'ds', '1.0000'),
(0, 4, 5, 'dt', '1.0000'),
(0, 4, 5, 'dww3137', '1.0000'),
(0, 4, 5, 'edm', '165.0000'),
(0, 4, 5, 'elo', '992.0000'),
(0, 4, 5, 'fc_dt0', '1.0000'),
(0, 4, 5, 'fc_rs0', '10.0000'),
(0, 4, 5, 'fi', '4.0000'),
(0, 4, 5, 'ft_dt1', '1.0000'),
(0, 4, 5, 'ft_rs1', '10.0000'),
(0, 4, 5, 'games', '1.0000'),
(0, 4, 5, 'hi', '1.0000'),
(0, 4, 5, 'hw3137', '1.0000'),
(0, 4, 5, 'kkb1', '1.0000'),
(0, 4, 5, 'ks', '0.0000'),
(0, 4, 5, 'level', '30'),
(0, 4, 5, 'm1c0', '78.0000'),
(0, 4, 5, 'mid0', '0.0000'),
(0, 4, 5, 'mid1', '6000.0000'),
(0, 4, 5, 'ppt', '2.0000'),
(0, 4, 5, 'prs', '257.0000'),
(0, 4, 5, 'rs', '10.0000'),
(0, 4, 5, 'sw2041', '1.0000'),
(0, 4, 5, 'sw2145', '1.0000'),
(0, 4, 5, 'sw3137', '2.0000'),
(0, 4, 5, 'tv5', '48.0000'),
(0, 4, 5, 'tw2041', '3.0000'),
(0, 4, 5, 'tw2145', '9.0000'),
(0, 4, 5, 'tw3137', '36.0000'),
(0, 4, 5, 'tw3154', '4.0000'),
(0, 4, 5, 'xp', '500'),
(0, 5, 6, 'c_apr', '10;979;981'),
(0, 5, 6, 'c_emo', '5000;5007;5016;0;0;0;0;0;0'),
(0, 5, 6, 'c_eqp', '3037;3137;2141;3155;2115;2045;2124;0;2153;2005'),
(0, 5, 6, 'c_items', '2001;2002;2003;2004;2005;2041;2042;2043;2044;2045;2111;2112;2113;2114;2115;2121;2122;2123;2124;2141;2146;2147;2148;2149;2150;215'),
(0, 5, 6, 'c_kit', '0'),
(0, 6, 6, 'c_ltm', '8985.0000'),
(0, 5, 6, 'c_ltp', '8984.0000'),
(0, 6, 6, 'c_slm', '14.0000'),
(0, 5, 6, 'c_team', '1'),
(0, 5, 6, 'c_tut', '1.0000'),
(0, 5, 6, 'c_wallet_hero', '0.0000'),
(0, 5, 6, 'c_wallet_valor', '59'),
(0, 5, 6, 'elo', '1000'),
(0, 5, 6, 'level', '30'),
(0, 5, 6, 'xp', '500'),
(0, 5, 7, 'c_apr', '10;978;980'),
(0, 5, 7, 'c_emo', '5000;5007;5016;0;0;0;0;0;0'),
(0, 5, 7, 'c_eqp', '3012;3081;2075;3155;0;0;0;0;0;0'),
(0, 5, 7, 'c_kit', '1'),
(0, 7, 7, 'c_ltm', '8985.0000'),
(0, 7, 7, 'c_slm', '15.0000'),
(0, 5, 7, 'c_team', '1'),
(0, 5, 7, 'c_tut', '1.0000'),
(0, 5, 7, 'c_wallet_hero', '14'),
(0, 5, 7, 'c_wallet_valor', '59'),
(0, 5, 7, 'elo', '1000'),
(0, 5, 7, 'level', '30'),
(0, 5, 7, 'xp', '500'),
(0, 5, 8, 'c_apr', '10;978;980'),
(0, 5, 8, 'c_emo', '5000;5007;5016;0;0;0;0;0;0'),
(0, 5, 8, 'c_eqp', '3178;3137;2079;3158;2025;2088;2132;0;2153;2005'),
(0, 5, 8, 'c_items', '2001;2002;2003;2004;2005;2021;2022;2023;2024;2025;2075;2076;2077;2078;2079;2086;2087;2088;2131;2132;2146;2147;2148;2149;2150;215'),
(0, 5, 8, 'c_kit', '1'),
(0, 8, 8, 'c_ltm', '8985.0000'),
(0, 5, 8, 'c_ltp', '8984.0000'),
(0, 8, 8, 'c_slm', '19.0000'),
(0, 5, 8, 'c_team', '1'),
(0, 5, 8, 'c_tut', '1.0000'),
(0, 5, 8, 'c_wallet_hero', '0.0000'),
(0, 5, 8, 'c_wallet_valor', '59'),
(0, 5, 8, 'elo', '1000'),
(0, 5, 8, 'level', '30'),
(0, 5, 8, 'xp', '500'),
(0, 6, 9, 'c_apr', '4;36;444'),
(0, 6, 9, 'c_emo', '5000;5007;5016;0;0;0;0;0;0'),
(0, 6, 9, 'c_eqp', '3003;3009;2026;0;0;0;0;0;0;0'),
(0, 6, 9, 'c_kit', '2'),
(0, 9, 9, 'c_ltm', '8985.0000'),
(0, 9, 9, 'c_slm', '21.0000'),
(0, 6, 9, 'c_team', '2'),
(0, 6, 9, 'c_tut', '1.0000'),
(0, 6, 9, 'c_wallet_hero', '14'),
(0, 6, 9, 'c_wallet_valor', '59'),
(0, 6, 9, 'elo', '1000'),
(0, 6, 9, 'level', '30'),
(0, 6, 9, 'xp', '500'),
(0, 7, 10, 'ct', '721.7369'),
(0, 7, 10, 'c_apr', '178;413;593;1235;1253'),
(0, 7, 10, 'c_emo', '5000;5007;5016;0;0;0;0;0;0'),
(0, 7, 10, 'c_eqp', '3048;3016;2026;3171;2095;2064;2150;2036;2005;2052'),
(0, 7, 10, 'c_items', '2001;2002;2003;2004;2005;2026;2036;2050;2051;2052;2060;2061;2062;2063;2064;2091;2092;2093;2094;2095;2146;2147;2148;2149;2150;215'),
(0, 7, 10, 'c_kit', '2'),
(0, 7, 10, 'c_ltp', '8985.0000'),
(0, 7, 10, 'c_team', '1'),
(0, 7, 10, 'c_tut', '1'),
(0, 7, 10, 'c_wallet_hero', '0.0000'),
(0, 7, 10, 'c_wallet_valor', '59'),
(0, 7, 10, 'dfv5', '8.0000'),
(0, 7, 10, 'dfw2048', '1.0000'),
(0, 7, 10, 'dfw3020', '3.0000'),
(0, 7, 10, 'dfw3036', '4.0000'),
(0, 7, 10, 'div5', '8.0000'),
(0, 7, 10, 'ds', '3.0000'),
(0, 7, 10, 'dstrv5', '14.0000'),
(0, 7, 10, 'dt', '8.0000'),
(0, 7, 10, 'dww2036', '1.0000'),
(0, 7, 10, 'dww2064', '4.0000'),
(0, 7, 10, 'dww3016', '1.0000'),
(0, 7, 10, 'dww3048', '2.0000'),
(0, 7, 10, 'elo', '1070.0000'),
(0, 7, 10, 'fc_dt2', '8.0000'),
(0, 7, 10, 'fc_ki2', '14.0000'),
(0, 7, 10, 'fc_los2', '1.0000'),
(0, 7, 10, 'fc_rs2', '4498.0000'),
(0, 7, 10, 'fc_win2', '1.0000'),
(0, 7, 10, 'fi', '1629.0000'),
(0, 7, 10, 'ft_dt1', '8.0000'),
(0, 7, 10, 'ft_ki1', '14.0000'),
(0, 7, 10, 'ft_los1', '1.0000'),
(0, 7, 10, 'ft_rs1', '4498.0000'),
(0, 7, 10, 'ft_win1', '1.0000'),
(0, 7, 10, 'games', '2.0000'),
(0, 7, 10, 'hi', '550.0000'),
(0, 7, 10, 'hw2052', '14.0000'),
(0, 7, 10, 'hw3016', '24.0000'),
(0, 7, 10, 'hw3048', '486.0000'),
(0, 7, 10, 'hw3171', '26.0000'),
(0, 7, 10, 'ige18', '1.0000'),
(0, 7, 10, 'ka', '10.0000'),
(0, 7, 10, 'ki', '14.0000'),
(0, 7, 10, 'kk1', '5.0000'),
(0, 7, 10, 'kk2', '9.0000'),
(0, 7, 10, 'kkb2', '8.0000'),
(0, 7, 10, 'ks', '4.0000'),
(0, 7, 10, 'kv5', '14.0000'),
(0, 7, 10, 'kw2052', '2.0000'),
(0, 7, 10, 'kw3016', '1.0000'),
(0, 7, 10, 'kw3048', '11.0000'),
(0, 7, 10, 'level', '30'),
(0, 7, 10, 'los', '1.0000'),
(0, 7, 10, 'm_ct0', '779.4747'),
(0, 7, 10, 'm_los0', '1.0000'),
(0, 7, 10, 'm_win0', '1.0000'),
(0, 7, 10, 'ppt', '1624.0000'),
(0, 7, 10, 'prs', '257.0000'),
(0, 7, 10, 'rs', '4498.0000'),
(0, 7, 10, 'sw2026', '1.0000'),
(0, 7, 10, 'sw2052', '27.0000'),
(0, 7, 10, 'sw2095', '1.0000'),
(0, 7, 10, 'sw3016', '80.0000'),
(0, 7, 10, 'sw3048', '1444.0000'),
(0, 7, 10, 'sw3171', '76.0000'),
(0, 7, 10, 'tv0', '36.0000'),
(0, 7, 10, 'tv3', '21.0000'),
(0, 7, 10, 'tv5', '721.0000'),
(0, 7, 10, 'tw2005', '25.0000'),
(0, 7, 10, 'tw2026', '12.0000'),
(0, 7, 10, 'tw2036', '19.0000'),
(0, 7, 10, 'tw2052', '8.0000'),
(0, 7, 10, 'tw2064', '112.0000'),
(0, 7, 10, 'tw2095', '41.0000'),
(0, 7, 10, 'tw2150', '6.0000'),
(0, 7, 10, 'tw3016', '190.0000'),
(0, 7, 10, 'tw3048', '116.0000'),
(0, 7, 10, 'tw3171', '202.0000'),
(0, 7, 10, 'win', '1.0000'),
(0, 7, 10, 'xp', '500'),
(0, 5, 11, 'c_apr', '4;935;936'),
(0, 5, 11, 'c_emo', '5000;5007;5016;0;0;0;0;0;0'),
(0, 5, 11, 'c_eqp', '3179;3144;2079;3157;2020;2082;2065;2127;2153;2005'),
(0, 5, 11, 'c_items', '2001;2002;2003;2004;2005;2016;2017;2018;2019;2020;2065;2075;2076;2077;2078;2079;2081;2082;2126;2127;2146;2147;2148;2149;2150;215'),
(0, 5, 11, 'c_kit', '1'),
(0, 11, 11, 'c_ltm', '8985.0000'),
(0, 5, 11, 'c_ltp', '8984.0000'),
(0, 11, 11, 'c_slm', '3.0000'),
(0, 5, 11, 'c_team', '2'),
(0, 5, 11, 'c_tut', '1.0000'),
(0, 5, 11, 'c_wallet_hero', '0.0000'),
(0, 5, 11, 'c_wallet_valor', '59'),
(0, 5, 11, 'elo', '1000'),
(0, 5, 11, 'games', '1.0000'),
(0, 5, 11, 'level', '30'),
(0, 5, 11, 'ppt', '8.0000'),
(0, 5, 11, 'prs', '257.0000'),
(0, 5, 11, 'xp', '500'),
(0, 5, 12, 'cpd', '1.0000'),
(0, 5, 12, 'ct', '339.3710'),
(0, 5, 12, 'c_apr', '4;36;444'),
(0, 5, 12, 'c_emo', '5000;5007;5016;0;0;0;0;0;0'),
(0, 5, 12, 'c_eqp', '3036;3028;3160;2095;2048;2059;2031;2026;2153;2005'),
(0, 5, 12, 'c_items', '2001;2002;2003;2004;2005;2026;2031;2046;2047;2048;2055;2056;2057;2058;2059;2091;2092;2093;2094;2095;2146;2147;2148;2149;2150;215'),
(0, 5, 12, 'c_kit', '2'),
(0, 12, 12, 'c_ltm', '8985.0000'),
(0, 5, 12, 'c_ltp', '8984.0000'),
(0, 12, 12, 'c_slm', '2.0000'),
(0, 5, 12, 'c_team', '2'),
(0, 5, 12, 'c_tut', '1.0000'),
(0, 5, 12, 'c_wallet_hero', '0.0000'),
(0, 5, 12, 'c_wallet_valor', '59'),
(0, 5, 12, 'dfv5', '2.0000'),
(0, 5, 12, 'dfw3048', '1.0000'),
(0, 5, 12, 'dfw3050', '1.0000'),
(0, 5, 12, 'div5', '2.0000'),
(0, 5, 12, 'ds', '1.0000'),
(0, 5, 12, 'dstrv5', '7.0000'),
(0, 5, 12, 'dt', '2.0000'),
(0, 5, 12, 'dww3028', '2.0000'),
(0, 5, 12, 'elo', '1035.0000'),
(0, 5, 12, 'fc_dt2', '2.0000'),
(0, 5, 12, 'fc_ki2', '7.0000'),
(0, 5, 12, 'fc_los2', '1.0000'),
(0, 5, 12, 'fc_rs2', '1677.0000'),
(0, 5, 12, 'fi', '648.0000'),
(0, 5, 12, 'ft_dt2', '2.0000'),
(0, 5, 12, 'ft_ki2', '7.0000'),
(0, 5, 12, 'ft_los2', '1.0000'),
(0, 5, 12, 'ft_rs2', '1677.0000'),
(0, 5, 12, 'hi', '227.0000'),
(0, 5, 12, 'hw2048', '2.0000'),
(0, 5, 12, 'hw3028', '6.0000'),
(0, 5, 12, 'hw3036', '205.0000'),
(0, 5, 12, 'hw3160', '14.0000'),
(0, 5, 12, 'ige22', '1.0000'),
(0, 5, 12, 'ka', '1.0000'),
(0, 5, 12, 'ki', '7.0000'),
(0, 5, 12, 'kk2', '7.0000'),
(0, 5, 12, 'kkb2', '2.0000'),
(0, 5, 12, 'ks', '5.0000'),
(0, 5, 12, 'kv5', '7.0000'),
(0, 5, 12, 'kw2048', '1.0000'),
(0, 5, 12, 'kw3036', '6.0000'),
(0, 5, 12, 'level', '30'),
(0, 5, 12, 'los', '1.0000'),
(0, 5, 12, 'm_ct0', '336.5748'),
(0, 5, 12, 'm_los0', '1.0000'),
(0, 5, 12, 'ppt', '297.0000'),
(0, 5, 12, 'prs', '257.0000'),
(0, 5, 12, 'rs', '1677.0000'),
(0, 5, 12, 'sw2026', '1.0000'),
(0, 5, 12, 'sw2048', '5.0000'),
(0, 5, 12, 'sw2095', '1.0000'),
(0, 5, 12, 'sw3028', '20.0000'),
(0, 5, 12, 'sw3036', '593.0000'),
(0, 5, 12, 'sw3160', '28.0000'),
(0, 5, 12, 'tv3', '3.0000'),
(0, 5, 12, 'tv5', '339.0000'),
(0, 5, 12, 'tw2005', '10.0000'),
(0, 5, 12, 'tw2026', '4.0000'),
(0, 5, 12, 'tw2031', '6.0000'),
(0, 5, 12, 'tw2048', '1.0000'),
(0, 5, 12, 'tw2059', '19.0000'),
(0, 5, 12, 'tw2095', '21.0000'),
(0, 5, 12, 'tw2153', '4.0000'),
(0, 5, 12, 'tw3028', '76.0000'),
(0, 5, 12, 'tw3036', '133.0000'),
(0, 5, 12, 'tw3160', '60.0000'),
(0, 5, 12, 'xp', '500'),
(0, 9, 13, 'ct', '163.9265'),
(0, 9, 13, 'c_apr', '164;359;504;505;595;1009;1074;1239'),
(0, 9, 13, 'c_emo', '5000;5007;5016;0;0;0;0;0;0'),
(0, 9, 13, 'c_eqp', '3184;3137;2145;2105;2121;2043;2111;3155;2153;2005'),
(0, 9, 13, 'c_items', ''),
(0, 9, 13, 'c_kit', '0'),
(0, 9, 13, 'c_ltp', '8985.0000'),
(0, 9, 13, 'c_team', '1'),
(0, 9, 13, 'c_tut', '1'),
(0, 9, 13, 'c_wallet_hero', '14'),
(0, 9, 13, 'c_wallet_valor', '59'),
(0, 9, 13, 'ds', '0.0000'),
(0, 9, 13, 'dstrv5', '4.0000'),
(0, 9, 13, 'elo', '1027.0000'),
(0, 9, 13, 'fc_ki0', '4.0000'),
(0, 9, 13, 'fc_rs0', '470.0000'),
(0, 9, 13, 'fi', '20.0000'),
(0, 9, 13, 'ft_ki1', '4.0000'),
(0, 9, 13, 'ft_rs1', '470.0000'),
(0, 9, 13, 'hi', '9.0000'),
(0, 9, 13, 'hw2111', '1.0000'),
(0, 9, 13, 'hw3184', '8.0000'),
(0, 9, 13, 'ige19', '2.0000'),
(0, 9, 13, 'ka', '1.0000'),
(0, 9, 13, 'ki', '4.0000'),
(0, 9, 13, 'kk1', '3.0000'),
(0, 9, 13, 'kk2', '1.0000'),
(0, 9, 13, 'ks', '4.0000'),
(0, 9, 13, 'kv5', '4.0000'),
(0, 9, 13, 'kw3184', '4.0000'),
(0, 9, 13, 'level', '30'),
(0, 9, 13, 'ppt', '21.0000'),
(0, 9, 13, 'prs', '257.0000'),
(0, 9, 13, 'rs', '470.0000'),
(0, 9, 13, 'sw2105', '1.0000'),
(0, 9, 13, 'sw2111', '4.0000'),
(0, 9, 13, 'sw2121', '1.0000'),
(0, 9, 13, 'sw2145', '1.0000'),
(0, 9, 13, 'sw3184', '13.0000'),
(0, 9, 13, 'tv5', '163.0000'),
(0, 9, 13, 'tw2105', '16.0000'),
(0, 9, 13, 'tw2111', '1.0000'),
(0, 9, 13, 'tw2121', '3.0000'),
(0, 9, 13, 'tw2145', '64.0000'),
(0, 9, 13, 'tw3137', '11.0000'),
(0, 9, 13, 'tw3184', '24.0000'),
(0, 9, 13, 'xp', '500'),
(0, 7, 14, 'c_apr', '10;979;981'),
(0, 7, 14, 'c_emo', '5000;5007;5016;0;0;0;0;0;0'),
(0, 7, 14, 'c_eqp', '3014;3002;2141;3155;0;0;0;0;0;0'),
(0, 7, 14, 'c_kit', '0'),
(0, 14, 14, 'c_ltm', '8985.0000'),
(0, 14, 14, 'c_slm', '2.0000'),
(0, 7, 14, 'c_team', '1'),
(0, 7, 14, 'c_tut', '1.0000'),
(0, 7, 14, 'c_wallet_hero', '14'),
(0, 7, 14, 'c_wallet_valor', '59'),
(0, 7, 14, 'elo', '1000'),
(0, 7, 14, 'level', '30'),
(0, 7, 14, 'xp', '500'),
(0, 6, 15, 'ct', '11.2770'),
(0, 6, 15, 'c_apr', '257;313;395;489;988;1002;1029;1243;1265;1300'),
(0, 6, 15, 'c_emo', '5000;5015;5002;5032;5027;5034;5041;5024;5005'),
(0, 6, 15, 'c_eqp', '3060;3177;2026;2059;2031;3007;2048;2153;2005;2095'),
(0, 6, 15, 'c_items', '2001;2002;2003;2004;2005;2026;2031;2046;2047;2048;2055;2056;2057;2058;2059;2091;2092;2093;2094;2095;2146;2147;2148;2149;2150;215'),
(0, 6, 15, 'c_kit', '2'),
(0, 6, 15, 'c_ltp', '8985.0000'),
(0, 6, 15, 'c_team', '2'),
(0, 6, 15, 'c_tut', '1'),
(0, 6, 15, 'c_wallet_hero', '0.0000'),
(0, 6, 15, 'c_wallet_valor', '59'),
(0, 6, 15, 'c_wmid1', '0.0000'),
(0, 6, 15, 'c_wmid2', '0.0000'),
(0, 6, 15, 'ds', '0.0000'),
(0, 6, 15, 'edm', '165.0000'),
(0, 6, 15, 'elo', '1000'),
(0, 6, 15, 'games', '1.0000'),
(0, 6, 15, 'ks', '0.0000'),
(0, 6, 15, 'level', '30'),
(0, 6, 15, 'mid1', '0.0000'),
(0, 6, 15, 'mid2', '6000.0000'),
(0, 6, 15, 'm_ct0', '21.3607'),
(0, 6, 15, 'tv5', '11.0000'),
(0, 6, 15, 'tw3060', '11.0000'),
(0, 6, 15, 'xp', '500'),
(0, 6, 16, 'aw6000', '1.0000'),
(0, 6, 16, 'ct', '261.0114'),
(0, 6, 16, 'c_apr', '25;34;71;178;232;360;362;494;505'),
(0, 6, 16, 'c_cmid2', '0.0000'),
(0, 6, 16, 'c_emo', '5000;5007;5016;0;0;0;0;0;0'),
(0, 6, 16, 'c_eqp', '3022;3051;2026;2064;2036;3171;2052;2153;2005;2095'),
(0, 6, 16, 'c_items', '2001;2002;2003;2004;2005;2026;2036;2050;2051;2052;2060;2061;2062;2063;2064;2091;2092;2093;2094;2095;2146;2147;2148;2149;2150;215'),
(0, 6, 16, 'c_kit', '2'),
(0, 6, 16, 'c_ltp', '8985.0000'),
(0, 6, 16, 'c_team', '1'),
(0, 6, 16, 'c_tut', '1'),
(0, 6, 16, 'c_wallet_hero', '0.0000'),
(0, 6, 16, 'c_wallet_valor', '59'),
(0, 6, 16, 'c_wmid1', '-1.0000'),
(0, 6, 16, 'c_wmid2', '0.0000'),
(0, 6, 16, 'dfv5', '1.0000'),
(0, 6, 16, 'dfw3059', '1.0000'),
(0, 6, 16, 'div5', '3.0000'),
(0, 6, 16, 'ds', '2.0000'),
(0, 6, 16, 'dstrv5', '1.0000'),
(0, 6, 16, 'dt', '3.0000'),
(0, 6, 16, 'dww2005', '1.0000'),
(0, 6, 16, 'dww2026', '1.0000'),
(0, 6, 16, 'dww3022', '1.0000'),
(0, 6, 16, 'edm', '165.0000'),
(0, 6, 16, 'elo', '1058.0000'),
(0, 6, 16, 'fc_dt2', '3.0000'),
(0, 6, 16, 'fc_ki2', '1.0000'),
(0, 6, 16, 'fc_los2', '1.0000'),
(0, 6, 16, 'fc_rs2', '459.0000'),
(0, 6, 16, 'fi', '302.0000'),
(0, 6, 16, 'ft_dt1', '3.0000'),
(0, 6, 16, 'ft_ki1', '1.0000'),
(0, 6, 16, 'ft_los1', '1.0000'),
(0, 6, 16, 'ft_rs1', '459.0000'),
(0, 6, 16, 'games', '1.0000'),
(0, 6, 16, 'hi', '64.0000'),
(0, 6, 16, 'hw3022', '58.0000'),
(0, 6, 16, 'hw3051', '4.0000'),
(0, 6, 16, 'hw3171', '2.0000'),
(0, 6, 16, 'ka', '3.0000'),
(0, 6, 16, 'ki', '1.0000'),
(0, 6, 16, 'kk2', '1.0000'),
(0, 6, 16, 'kkb2', '1.0000'),
(0, 6, 16, 'ks', '1.0000'),
(0, 6, 16, 'kv5', '1.0000'),
(0, 6, 16, 'kw3022', '1.0000'),
(0, 6, 16, 'level', '30'),
(0, 6, 16, 'los', '1.0000'),
(0, 6, 16, 'mid1', '0.0000'),
(0, 6, 16, 'm_ct0', '249.3459'),
(0, 6, 16, 'm_los0', '1.0000'),
(0, 6, 16, 'ppt', '570.0000'),
(0, 6, 16, 'prs', '257.0000'),
(0, 6, 16, 'rs', '459.0000'),
(0, 6, 16, 'sw2026', '1.0000'),
(0, 6, 16, 'sw2052', '5.0000'),
(0, 6, 16, 'sw2095', '1.0000'),
(0, 6, 16, 'sw3022', '239.0000'),
(0, 6, 16, 'sw3051', '44.0000'),
(0, 6, 16, 'sw3171', '12.0000'),
(0, 6, 16, 'tv0', '38.0000'),
(0, 6, 16, 'tv5', '261.0000'),
(0, 6, 16, 'tw2005', '9.0000'),
(0, 6, 16, 'tw2026', '3.0000'),
(0, 6, 16, 'tw2036', '5.0000'),
(0, 6, 16, 'tw2052', '2.0000'),
(0, 6, 16, 'tw2064', '16.0000'),
(0, 6, 16, 'tw2095', '19.0000'),
(0, 6, 16, 'tw2153', '1.0000'),
(0, 6, 16, 'tw3022', '90.0000'),
(0, 6, 16, 'tw3051', '22.0000'),
(0, 6, 16, 'tw3171', '63.0000'),
(0, 6, 16, 'xp', '500'),
(0, 11, 17, 'cpc', '1.0000'),
(0, 11, 17, 'ct', '693.5140'),
(0, 11, 17, 'c_apr', '469;563;1126;1127'),
(0, 11, 17, 'c_emo', '5000;5007;5016;0;0;0;0;0;0'),
(0, 11, 17, 'c_eqp', '3027;3110;3157;2126;2082;2005;2066;2020;2079;2153'),
(0, 11, 17, 'c_items', '2001;2002;2003;2004;2005;2016;2017;2018;2019;2020;2065;2066;2075;2076;2077;2078;2079;2081;2082;2126;2146;2147;2148;2149;2150;215'),
(0, 11, 17, 'c_kit', '1'),
(0, 17, 17, 'c_ltm', '8985.0000'),
(0, 11, 17, 'c_ltp', '8985.0000'),
(0, 17, 17, 'c_slm', '16.0000'),
(0, 11, 17, 'c_team', '2'),
(0, 11, 17, 'c_tut', '1.0000'),
(0, 11, 17, 'c_wallet_hero', '0.0000'),
(0, 11, 17, 'c_wallet_valor', '59'),
(0, 11, 17, 'dfv5', '9.0000'),
(0, 11, 17, 'dfw2052', '1.0000'),
(0, 11, 17, 'dfw3045', '2.0000'),
(0, 11, 17, 'dfw3048', '4.0000'),
(0, 11, 17, 'dfw3050', '1.0000'),
(0, 11, 17, 'dfw3178', '1.0000'),
(0, 11, 17, 'div5', '9.0000'),
(0, 11, 17, 'ds', '7.0000'),
(0, 11, 17, 'dstrv5', '1.0000'),
(0, 11, 17, 'dt', '9.0000'),
(0, 11, 17, 'dww2005', '1.0000'),
(0, 11, 17, 'dww2020', '2.0000'),
(0, 11, 17, 'dww2066', '1.0000'),
(0, 11, 17, 'dww2082', '5.0000'),
(0, 11, 17, 'elo', '949.0000'),
(0, 11, 17, 'fc_dt1', '9.0000'),
(0, 11, 17, 'fc_ki1', '1.0000'),
(0, 11, 17, 'fc_los1', '1.0000'),
(0, 11, 17, 'fc_rs1', '2430.0000'),
(0, 11, 17, 'fi', '650.0000'),
(0, 11, 17, 'ft_dt2', '9.0000'),
(0, 11, 17, 'ft_ki2', '1.0000'),
(0, 11, 17, 'ft_los2', '1.0000'),
(0, 11, 17, 'ft_rs2', '2430.0000'),
(0, 11, 17, 'hi', '143.0000'),
(0, 11, 17, 'hw2020', '9.0000'),
(0, 11, 17, 'hw2066', '2.0000'),
(0, 11, 17, 'hw3027', '35.0000'),
(0, 11, 17, 'hw3110', '95.0000'),
(0, 11, 17, 'hw3157', '2.0000'),
(0, 11, 17, 'ka', '7.0000'),
(0, 11, 17, 'ki', '1.0000'),
(0, 11, 17, 'kk2', '1.0000'),
(0, 11, 17, 'kkb1', '1.0000'),
(0, 11, 17, 'kkb2', '8.0000'),
(0, 11, 17, 'ks', '1.0000'),
(0, 11, 17, 'kv5', '1.0000'),
(0, 11, 17, 'kw3110', '1.0000'),
(0, 11, 17, 'level', '30'),
(0, 11, 17, 'los', '1.0000'),
(0, 11, 17, 'm_ct0', '689.2331'),
(0, 11, 17, 'm_los0', '1.0000'),
(0, 11, 17, 'ppt', '280.0000'),
(0, 11, 17, 'prs', '257.0000'),
(0, 11, 17, 'rs', '2430.0000'),
(0, 11, 17, 'sw2020', '11.0000'),
(0, 11, 17, 'sw2066', '11.0000'),
(0, 11, 17, 'sw2079', '1.0000'),
(0, 11, 17, 'sw2126', '1.0000'),
(0, 11, 17, 'sw3027', '184.0000'),
(0, 11, 17, 'sw3110', '427.0000'),
(0, 11, 17, 'sw3157', '15.0000'),
(0, 11, 17, 'tv3', '14.0000'),
(0, 11, 17, 'tv5', '693.0000'),
(0, 11, 17, 'tw2005', '8.0000'),
(0, 11, 17, 'tw2020', '22.0000'),
(0, 11, 17, 'tw2066', '37.0000'),
(0, 11, 17, 'tw2079', '15.0000'),
(0, 11, 17, 'tw2082', '83.0000'),
(0, 11, 17, 'tw2126', '51.0000'),
(0, 11, 17, 'tw2153', '4.0000'),
(0, 11, 17, 'tw3027', '259.0000'),
(0, 11, 17, 'tw3110', '128.0000'),
(0, 11, 17, 'tw3157', '40.0000'),
(0, 11, 17, 'xp', '500'),
(0, 6, 18, 'c_apr', '10;978;980'),
(0, 6, 18, 'c_emo', '5000;5007;5016;0;0;0;0;0;0'),
(0, 6, 18, 'c_eqp', '3012;3081;2075;3155;0;0;0;0;0;0'),
(0, 6, 18, 'c_kit', '1'),
(0, 18, 18, 'c_ltm', '8985.0000'),
(0, 18, 18, 'c_slm', '0.0000'),
(0, 6, 18, 'c_team', '1'),
(0, 6, 18, 'c_tut', '1.0000'),
(0, 6, 18, 'c_wallet_hero', '14'),
(0, 6, 18, 'c_wallet_valor', '59'),
(0, 6, 18, 'elo', '1000'),
(0, 6, 18, 'level', '30'),
(0, 6, 18, 'xp', '500'),
(0, 6, 19, 'c_apr', '4;935;936'),
(0, 6, 19, 'c_emo', '5000;5007;5016;0;0;0;0;0;0'),
(0, 6, 19, 'c_eqp', '3011;3009;2075;3156;0;0;0;0;0;0'),
(0, 6, 19, 'c_kit', '1'),
(0, 19, 19, 'c_ltm', '8985.0000'),
(0, 19, 19, 'c_slm', '35.0000'),
(0, 6, 19, 'c_team', '2'),
(0, 6, 19, 'c_tut', '1.0000'),
(0, 6, 19, 'c_wallet_hero', '14'),
(0, 6, 19, 'c_wallet_valor', '59'),
(0, 6, 19, 'elo', '1000'),
(0, 6, 19, 'level', '30'),
(0, 6, 19, 'xp', '500'),
(0, 8, 20, 'cpc', '3.0000'),
(0, 8, 20, 'ct', '585.2396'),
(0, 8, 20, 'c_apr', '479;1102;1143;1204;1238'),
(0, 8, 20, 'c_emo', '0'),
(0, 8, 20, 'c_eqp', '3050;3045;2064;3008;2095;2026;2153;2005;2036;2053'),
(0, 8, 20, 'c_items', '2001;2002;2003;2004;2005;2026;2036;2050;2051;2052;2053;2060;2061;2062;2063;2064;2091;2092;2093;2094;2095;2146;2147;2148;2149;215'),
(0, 8, 20, 'c_kit', '2'),
(0, 8, 20, 'c_ltp', '8985.0000'),
(0, 8, 20, 'c_team', '1'),
(0, 8, 20, 'c_wallet_hero', '0.0000'),
(0, 8, 20, 'c_wallet_valor', '59'),
(0, 8, 20, 'dfv5', '2.0000'),
(0, 8, 20, 'dfw3020', '1.0000'),
(0, 8, 20, 'dfw3112', '1.0000'),
(0, 8, 20, 'div5', '2.0000'),
(0, 8, 20, 'ds', '1.0000'),
(0, 8, 20, 'dstrv5', '15.0000'),
(0, 8, 20, 'dt', '2.0000'),
(0, 8, 20, 'dww2064', '2.0000'),
(0, 8, 20, 'elo', '1070.0000'),
(0, 8, 20, 'fc_dt2', '2.0000'),
(0, 8, 20, 'fc_ki2', '15.0000'),
(0, 8, 20, 'fc_rs2', '3311.0000'),
(0, 8, 20, 'fi', '1325.0000'),
(0, 8, 20, 'ft_dt1', '2.0000'),
(0, 8, 20, 'ft_ki1', '15.0000'),
(0, 8, 20, 'ft_rs1', '3311.0000'),
(0, 8, 20, 'hi', '387.0000'),
(0, 8, 20, 'hw2053', '9.0000'),
(0, 8, 20, 'hw3045', '93.0000'),
(0, 8, 20, 'hw3050', '255.0000'),
(0, 8, 20, 'hw3171', '30.0000'),
(0, 8, 20, 'ige18', '2.0000'),
(0, 8, 20, 'ka', '4.0000'),
(0, 8, 20, 'ki', '15.0000'),
(0, 8, 20, 'kk1', '3.0000'),
(0, 8, 20, 'kk2', '12.0000'),
(0, 8, 20, 'kkb1', '1.0000'),
(0, 8, 20, 'kkb2', '1.0000'),
(0, 8, 20, 'ks', '1.0000'),
(0, 8, 20, 'kv5', '15.0000'),
(0, 8, 20, 'kw2053', '1.0000'),
(0, 8, 20, 'kw3045', '6.0000'),
(0, 8, 20, 'kw3050', '8.0000'),
(0, 8, 20, 'level', '30'),
(0, 8, 20, 'ppt', '441.0000'),
(0, 8, 20, 'prs', '257.0000'),
(0, 8, 20, 'rs', '3311.0000'),
(0, 8, 20, 'sw2026', '2.0000'),
(0, 8, 20, 'sw2053', '20.0000'),
(0, 8, 20, 'sw2095', '2.0000'),
(0, 8, 20, 'sw3045', '360.0000'),
(0, 8, 20, 'sw3050', '879.0000'),
(0, 8, 20, 'sw3171', '62.0000'),
(0, 8, 20, 'tv3', '4.0000'),
(0, 8, 20, 'tv5', '584.0000'),
(0, 8, 20, 'tw2005', '13.0000'),
(0, 8, 20, 'tw2026', '19.0000'),
(0, 8, 20, 'tw2036', '14.0000'),
(0, 8, 20, 'tw2053', '6.0000'),
(0, 8, 20, 'tw2064', '57.0000'),
(0, 8, 20, 'tw2095', '50.0000'),
(0, 8, 20, 'tw2153', '4.0000'),
(0, 8, 20, 'tw3045', '105.0000'),
(0, 8, 20, 'tw3050', '112.0000'),
(0, 8, 20, 'tw3171', '198.0000'),
(0, 8, 20, 'xp', '0'),
(0, 3, 21, 'cpc', '5.0000'),
(0, 3, 21, 'cpd', '2.0000'),
(0, 3, 21, 'ct', '1113.7119'),
(0, 3, 21, 'c_apr', '178;436;484;1008;1125;1222;1285;1289;1291'),
(0, 3, 21, 'c_emo', '5000;5007;5016;5010;5005;5023;5031;5032;5026'),
(0, 3, 21, 'c_eqp', '3037;3093;2143;2113;2105;2043;2121;2153;0;0'),
(0, 3, 21, 'c_items', '2001;2002;2003;2004;2005;2041;2042;2043;2101;2102;2103;2104;2105;2111;2112;2113;2121;2141;2142;2143;2146;2147;2148;2149;2150;215'),
(0, 3, 21, 'c_kit', '0'),
(0, 21, 21, 'c_ltm', '8985.0000'),
(0, 3, 21, 'c_ltp', '8985.0000'),
(0, 21, 21, 'c_slm', '4.0000'),
(0, 3, 21, 'c_team', '1'),
(0, 3, 21, 'c_tut', '1.0000'),
(0, 3, 21, 'c_wallet_hero', '0.0000'),
(0, 3, 21, 'c_wallet_valor', '59'),
(0, 3, 21, 'dfv5', '3.0000'),
(0, 3, 21, 'dfw3186', '3.0000'),
(0, 3, 21, 'div5', '3.0000'),
(0, 3, 21, 'ds', '1.0000'),
(0, 3, 21, 'dstrv5', '20.0000'),
(0, 3, 21, 'dt', '3.0000'),
(0, 3, 21, 'dww2143', '1.0000'),
(0, 3, 21, 'dww3037', '1.0000'),
(0, 3, 21, 'dww3093', '1.0000'),
(0, 3, 21, 'elo', '1083.0000'),
(0, 3, 21, 'fc_dt0', '3.0000'),
(0, 3, 21, 'fc_ki0', '20.0000'),
(0, 3, 21, 'fc_rs0', '4471.0000'),
(0, 3, 21, 'fc_win0', '2.0000'),
(0, 3, 21, 'fi', '349.0000'),
(0, 3, 21, 'ft_dt1', '3.0000'),
(0, 3, 21, 'ft_ki1', '20.0000'),
(0, 3, 21, 'ft_rs1', '4471.0000'),
(0, 3, 21, 'ft_win1', '2.0000'),
(0, 3, 21, 'games', '2.0000'),
(0, 3, 21, 'hi', '102.0000'),
(0, 3, 21, 'hw2113', '8.0000'),
(0, 3, 21, 'hw3037', '40.0000'),
(0, 3, 21, 'hw3093', '54.0000'),
(0, 3, 21, 'ige18', '1.0000'),
(0, 3, 21, 'ige19', '9.0000'),
(0, 3, 21, 'ige22', '1.0000'),
(0, 3, 21, 'ka', '9.0000'),
(0, 3, 21, 'ki', '20.0000'),
(0, 3, 21, 'kk1', '19.0000'),
(0, 3, 21, 'kk2', '1.0000'),
(0, 3, 21, 'kkb0', '3.0000'),
(0, 3, 21, 'ks', '10.0000'),
(0, 3, 21, 'kv5', '20.0000'),
(0, 3, 21, 'kw2113', '1.0000'),
(0, 3, 21, 'kw3037', '2.0000'),
(0, 3, 21, 'kw3093', '17.0000'),
(0, 3, 21, 'level', '30'),
(0, 3, 21, 'm_ct5', '967.7612'),
(0, 3, 21, 'm_win5', '2.0000'),
(0, 3, 21, 'ppt', '273.0000'),
(0, 3, 21, 'prs', '257.0000'),
(0, 3, 21, 'rs', '4471.0000'),
(0, 3, 21, 'sw2043', '1.0000'),
(0, 3, 21, 'sw2105', '1.0000'),
(0, 3, 21, 'sw2113', '26.0000'),
(0, 3, 21, 'sw2121', '1.0000'),
(0, 3, 21, 'sw2143', '1.0000'),
(0, 3, 21, 'sw3037', '192.0000'),
(0, 3, 21, 'sw3093', '127.0000'),
(0, 3, 21, 'tv5', '1113.0000'),
(0, 3, 21, 'tw2043', '59.0000'),
(0, 3, 21, 'tw2105', '123.0000'),
(0, 3, 21, 'tw2113', '11.0000'),
(0, 3, 21, 'tw2121', '47.0000'),
(0, 3, 21, 'tw2143', '117.0000'),
(0, 3, 21, 'tw2153', '13.0000'),
(0, 3, 21, 'tw3037', '168.0000'),
(0, 3, 21, 'tw3093', '203.0000'),
(0, 3, 21, 'win', '2.0000'),
(0, 3, 21, 'xp', '500'),
(0, 12, 22, 'c_apr', '10;978;980'),
(0, 12, 22, 'c_emo', '5000;5007;5016;0;0;0;0;0;0'),
(0, 12, 22, 'c_eqp', '3012;3081;2075;3155;0;0;0;0;0;0'),
(0, 12, 22, 'c_kit', '1'),
(0, 22, 22, 'c_ltm', '8985.0000'),
(0, 22, 22, 'c_slm', '7.0000'),
(0, 12, 22, 'c_team', '1'),
(0, 12, 22, 'c_tut', '1.0000'),
(0, 12, 22, 'c_wallet_hero', '14'),
(0, 12, 22, 'c_wallet_valor', '59'),
(0, 12, 22, 'elo', '1000'),
(0, 12, 22, 'level', '30'),
(0, 12, 22, 'xp', '500'),
(0, 3, 23, 'cpc', '9.0000'),
(0, 3, 23, 'cpd', '2.0000'),
(0, 3, 23, 'ct', '2772.8674'),
(0, 3, 23, 'c_apr', '171;178;438;1008;1011;1115;1117;1257;1293'),
(0, 3, 23, 'c_emo', '5000;5007;5016;5032;5005;5031;5023;5026;5010'),
(0, 3, 23, 'c_eqp', '3178;3037;2079;3158;2024;2090;2131;2153;0;0'),
(0, 3, 23, 'c_items', '2001;2002;2003;2004;2005;2021;2022;2023;2024;2075;2076;2077;2078;2079;2086;2087;2088;2089;2090;2131;2146;2147;2148;2149;2150;215'),
(0, 3, 23, 'c_kit', '1'),
(0, 3, 23, 'c_ltp', '8985.0000'),
(0, 3, 23, 'c_team', '1'),
(0, 3, 23, 'c_tut', '1'),
(0, 3, 23, 'c_wallet_hero', '0.0000'),
(0, 3, 23, 'c_wallet_valor', '59'),
(0, 3, 23, 'dfv0', '1.0000'),
(0, 3, 23, 'dfv5', '27.0000'),
(0, 3, 23, 'dfw2049', '1.0000'),
(0, 3, 23, 'dfw2069', '1.0000'),
(0, 3, 23, 'dfw2085', '3.0000'),
(0, 3, 23, 'dfw3020', '1.0000'),
(0, 3, 23, 'dfw3036', '6.0000'),
(0, 3, 23, 'dfw3038', '2.0000'),
(0, 3, 23, 'dfw3053', '2.0000'),
(0, 3, 23, 'dfw3090', '3.0000'),
(0, 3, 23, 'dfw3092', '2.0000'),
(0, 3, 23, 'dfw3144', '2.0000'),
(0, 3, 23, 'dfw3150', '3.0000'),
(0, 3, 23, 'div5', '28.0000'),
(0, 3, 23, 'ds', '4.0000'),
(0, 3, 23, 'dstrv5', '48.0000'),
(0, 3, 23, 'dt', '28.0000'),
(0, 3, 23, 'dww2024', '3.0000'),
(0, 3, 23, 'dww2079', '6.0000'),
(0, 3, 23, 'dww2090', '4.0000'),
(0, 3, 23, 'dww2131', '3.0000'),
(0, 3, 23, 'dww2153', '1.0000'),
(0, 3, 23, 'dww3158', '2.0000'),
(0, 3, 23, 'dww3178', '9.0000'),
(0, 3, 23, 'elo', '1059.0000'),
(0, 3, 23, 'fc_dt1', '28.0000'),
(0, 3, 23, 'fc_ki1', '48.0000'),
(0, 3, 23, 'fc_los1', '4.0000'),
(0, 3, 23, 'fc_rs1', '17288.0000'),
(0, 3, 23, 'fc_win1', '1.0000'),
(0, 3, 23, 'fi', '252.0000'),
(0, 3, 23, 'ft_dt1', '28.0000'),
(0, 3, 23, 'ft_ki1', '48.0000'),
(0, 3, 23, 'ft_los1', '4.0000'),
(0, 3, 23, 'ft_rs1', '17288.0000'),
(0, 3, 23, 'ft_win1', '1.0000'),
(0, 3, 23, 'games', '7.0000'),
(0, 3, 23, 'hi', '52.0000'),
(0, 3, 23, 'hw3037', '4.0000'),
(0, 3, 23, 'hw3178', '48.0000'),
(0, 3, 23, 'ige11', '1.0000'),
(0, 3, 23, 'ige13', '1.0000'),
(0, 3, 23, 'ige18', '2.0000'),
(0, 3, 23, 'ka', '29.0000'),
(0, 3, 23, 'ki', '48.0000'),
(0, 3, 23, 'kk0', '1.0000'),
(0, 3, 23, 'kk1', '9.0000'),
(0, 3, 23, 'kk2', '38.0000'),
(0, 3, 23, 'kkb0', '3.0000'),
(0, 3, 23, 'kkb1', '7.0000'),
(0, 3, 23, 'kkb2', '18.0000'),
(0, 3, 23, 'ks', '5.0000'),
(0, 3, 23, 'kv5', '47.0000'),
(0, 3, 23, 'kvr5', '6.0000'),
(0, 3, 23, 'kw2090', '9.0000'),
(0, 3, 23, 'kw3037', '8.0000'),
(0, 3, 23, 'kw3158', '3.0000'),
(0, 3, 23, 'kw3178', '22.0000'),
(0, 3, 23, 'level', '30'),
(0, 3, 23, 'los', '4.0000'),
(0, 3, 23, 'm_ct11', '175.9953'),
(0, 3, 23, 'm_ct5', '2348.9106'),
(0, 3, 23, 'm_los11', '1.0000'),
(0, 3, 23, 'm_los5', '3.0000'),
(0, 3, 23, 'm_win5', '1.0000'),
(0, 3, 23, 'ppt', '944.0000'),
(0, 3, 23, 'prs', '258.0000'),
(0, 3, 23, 'rs', '17288.0000'),
(0, 3, 23, 'sw2079', '1.0000'),
(0, 3, 23, 'sw2131', '1.0000'),
(0, 3, 23, 'sw3037', '18.0000'),
(0, 3, 23, 'sw3158', '8.0000'),
(0, 3, 23, 'sw3178', '224.0000'),
(0, 3, 23, 'tv0', '34.0000'),
(0, 3, 23, 'tv3', '5.0000'),
(0, 3, 23, 'tv5', '2772.0000'),
(0, 3, 23, 'tw2024', '82.0000'),
(0, 3, 23, 'tw2079', '99.0000'),
(0, 3, 23, 'tw2090', '454.0000'),
(0, 3, 23, 'tw2131', '304.0000'),
(0, 3, 23, 'tw2153', '42.0000'),
(0, 3, 23, 'tw3037', '204.0000'),
(0, 3, 23, 'tw3158', '308.0000'),
(0, 3, 23, 'tw3178', '991.0000'),
(0, 3, 23, 'win', '1.0000'),
(0, 3, 23, 'xp', '500'),
(0, 12, 24, 'c_apr', '10;978;980'),
(0, 12, 24, 'c_emo', '5000;5007;5016;0;0;0;0;0;0'),
(0, 12, 24, 'c_eqp', '3012;3081;2075;3155;0;0;0;0;0;0'),
(0, 12, 24, 'c_kit', '1'),
(0, 12, 24, 'c_team', '1'),
(0, 12, 24, 'c_tut', '1'),
(0, 12, 24, 'c_wallet_hero', '14'),
(0, 12, 24, 'c_wallet_valor', '59'),
(0, 12, 24, 'elo', '1000'),
(0, 12, 24, 'level', '30'),
(0, 12, 24, 'xp', '500'),
(0, 3, 25, 'cpc', '15.0000'),
(0, 3, 25, 'cpd', '1.0000'),
(0, 3, 25, 'ct', '2834.2386'),
(0, 3, 25, 'c_apr', '436;495;548;1072;1289;1293;1322;1323'),
(0, 3, 25, 'c_emo', '5000;5007;5016;5023;5005;5010;5032;5026;5031'),
(0, 3, 25, 'c_eqp', '3151;3051;2030;3171;2093;2064;2050;2153;2036;0'),
(0, 3, 25, 'c_items', '2001;2002;2003;2004;2005;2026;2027;2028;2029;2030;2036;2050;2060;2061;2062;2063;2064;2091;2092;2093;2146;2147;2148;2149;2150;215'),
(0, 3, 25, 'c_kit', '2'),
(0, 3, 25, 'c_ltp', '8985.0000'),
(0, 3, 25, 'c_team', '1'),
(0, 3, 25, 'c_tut', '1'),
(0, 3, 25, 'c_wallet_hero', '0.0000'),
(0, 3, 25, 'c_wallet_valor', '59'),
(0, 3, 25, 'dfv1', '1.0000'),
(0, 3, 25, 'dfv5', '8.0000'),
(0, 3, 25, 'dfw3015', '1.0000'),
(0, 3, 25, 'dfw3020', '1.0000'),
(0, 3, 25, 'dfw3038', '1.0000'),
(0, 3, 25, 'dfw3062', '1.0000'),
(0, 3, 25, 'dfw3084', '1.0000'),
(0, 3, 25, 'dfw3111', '1.0000'),
(0, 3, 25, 'dfw3157', '1.0000'),
(0, 3, 25, 'div5', '11.0000'),
(0, 3, 25, 'ds', '2.0000'),
(0, 3, 25, 'dstrv0', '1.0000'),
(0, 3, 25, 'dstrv5', '58.0000'),
(0, 3, 25, 'dt', '11.0000'),
(0, 3, 25, 'dww2030', '3.0000'),
(0, 3, 25, 'dww2036', '1.0000'),
(0, 3, 25, 'dww2064', '2.0000'),
(0, 3, 25, 'dww2093', '1.0000'),
(0, 3, 25, 'dww3051', '2.0000'),
(0, 3, 25, 'dww3151', '1.0000'),
(0, 3, 25, 'dww3171', '1.0000'),
(0, 3, 25, 'elo', '1149.0000'),
(0, 3, 25, 'fc_dt2', '11.0000'),
(0, 3, 25, 'fc_ki2', '59.0000'),
(0, 3, 25, 'fc_rs2', '12713.0000'),
(0, 3, 25, 'fc_win2', '4.0000'),
(0, 3, 25, 'fi', '3345.0000'),
(0, 3, 25, 'ft_dt1', '11.0000'),
(0, 3, 25, 'ft_ki1', '59.0000'),
(0, 3, 25, 'ft_rs1', '12713.0000'),
(0, 3, 25, 'ft_win1', '4.0000'),
(0, 3, 25, 'games', '4.0000'),
(0, 3, 25, 'hi', '563.0000'),
(0, 3, 25, 'hw2050', '12.0000'),
(0, 3, 25, 'hw3051', '177.0000'),
(0, 3, 25, 'hw3151', '336.0000'),
(0, 3, 25, 'hw3171', '38.0000'),
(0, 3, 25, 'ige1', '1.0000'),
(0, 3, 25, 'ige22', '2.0000'),
(0, 3, 25, 'ige23', '1.0000'),
(0, 3, 25, 'ka', '32.0000'),
(0, 3, 25, 'ki', '59.0000'),
(0, 3, 25, 'kk0', '6.0000'),
(0, 3, 25, 'kk1', '31.0000'),
(0, 3, 25, 'kk2', '22.0000'),
(0, 3, 25, 'kkb0', '1.0000'),
(0, 3, 25, 'kkb1', '6.0000'),
(0, 3, 25, 'kkb2', '4.0000'),
(0, 3, 25, 'ks', '5.0000'),
(0, 3, 25, 'kv2', '1.0000'),
(0, 3, 25, 'kv5', '58.0000'),
(0, 3, 25, 'kvr5', '1.0000'),
(0, 3, 25, 'kw3051', '21.0000'),
(0, 3, 25, 'kw3151', '36.0000'),
(0, 3, 25, 'level', '30'),
(0, 3, 25, 'm_ct11', '485.0476'),
(0, 3, 25, 'm_win11', '4.0000'),
(0, 3, 25, 'ppt', '193.0000'),
(0, 3, 25, 'prs', '258.0000'),
(0, 3, 25, 'rs', '12713.0000'),
(0, 3, 25, 'sw2030', '2.0000'),
(0, 3, 25, 'sw2050', '36.0000'),
(0, 3, 25, 'sw2093', '2.0000'),
(0, 3, 25, 'sw3051', '1141.0000'),
(0, 3, 25, 'sw3151', '2107.0000'),
(0, 3, 25, 'sw3171', '57.0000'),
(0, 3, 25, 'tv0', '96.0000'),
(0, 3, 25, 'tv1', '21.0000'),
(0, 3, 25, 'tv2', '64.0000'),
(0, 3, 25, 'tv3', '2.0000'),
(0, 3, 25, 'tv5', '2832.0000'),
(0, 3, 25, 'tw2030', '268.0000'),
(0, 3, 25, 'tw2036', '60.0000'),
(0, 3, 25, 'tw2050', '28.0000'),
(0, 3, 25, 'tw2064', '228.0000'),
(0, 3, 25, 'tw2093', '401.0000'),
(0, 3, 25, 'tw2153', '44.0000'),
(0, 3, 25, 'tw3051', '393.0000'),
(0, 3, 25, 'tw3151', '646.0000'),
(0, 3, 25, 'tw3171', '359.0000'),
(0, 3, 25, 'win', '4.0000'),
(0, 3, 25, 'xp', '500'),
(0, 12, 26, 'c_apr', '4;935;936'),
(0, 12, 26, 'c_emo', '5000;5007;5016;0;0;0;0;0;0'),
(0, 12, 26, 'c_eqp', '3011;3009;2075;3156;0;0;0;0;0;0'),
(0, 12, 26, 'c_kit', '1'),
(0, 26, 26, 'c_ltm', '8985.0000'),
(0, 26, 26, 'c_slm', '61.0000'),
(0, 12, 26, 'c_team', '2'),
(0, 12, 26, 'c_tut', '1.0000'),
(0, 12, 26, 'c_wallet_hero', '14'),
(0, 12, 26, 'c_wallet_valor', '59'),
(0, 12, 26, 'elo', '1000'),
(0, 12, 26, 'level', '30'),
(0, 12, 26, 'xp', '500'),
(0, 12, 27, 'c_apr', '4;36;444'),
(0, 12, 27, 'c_emo', '5000;5007;5016;0;0;0;0;0;0'),
(0, 12, 27, 'c_eqp', '3020;3038;3160;2030;2059;2095;0;0;2005;2153'),
(0, 12, 27, 'c_items', '2001;2002;2003;2004;2005;2026;2027;2028;2029;2030;2055;2056;2057;2058;2059;2091;2092;2093;2094;2095;2146;2147;2148;2149;2150;215'),
(0, 12, 27, 'c_kit', '2'),
(0, 27, 27, 'c_ltm', '8985.0000'),
(0, 12, 27, 'c_ltp', '8985.0000'),
(0, 27, 27, 'c_slm', '3.0000'),
(0, 12, 27, 'c_team', '2'),
(0, 12, 27, 'c_tut', '1.0000'),
(0, 12, 27, 'c_wallet_hero', '0.0000'),
(0, 12, 27, 'c_wallet_valor', '59'),
(0, 12, 27, 'ds', '0.0000'),
(0, 12, 27, 'elo', '1000'),
(0, 12, 27, 'ks', '0.0000'),
(0, 12, 27, 'level', '30'),
(0, 12, 27, 'xp', '500'),
(0, 3, 28, 'ct', '112.8274'),
(0, 3, 28, 'c_apr', '38;212;488;492;518;922;1221;1263;1264;1268'),
(0, 3, 28, 'c_emo', '5000;5007;5016;5012;5032;5009;5006;5005;5003'),
(0, 3, 28, 'c_eqp', '3069;3143;2139;0;2110;2044;2117;2153;0;0'),
(0, 3, 28, 'c_items', '2001;2002;2003;2004;2005;2041;2042;2043;2044;2106;2107;2108;2109;2110;2116;2117;2136;2137;2138;2139;2146;2147;2148;2149;2150;215'),
(0, 3, 28, 'c_kit', '0'),
(0, 28, 28, 'c_ltm', '8985.0000'),
(0, 3, 28, 'c_ltp', '8985.0000'),
(0, 28, 28, 'c_slm', '0.0000'),
(0, 3, 28, 'c_team', '2'),
(0, 3, 28, 'c_tut', '1.0000'),
(0, 3, 28, 'c_wallet_hero', '0.0000'),
(0, 3, 28, 'c_wallet_valor', '59'),
(0, 3, 28, 'dfv5', '2.0000'),
(0, 3, 28, 'dfw2151', '1.0000'),
(0, 3, 28, 'dfw3050', '1.0000'),
(0, 3, 28, 'div5', '2.0000'),
(0, 3, 28, 'ds', '1.0000'),
(0, 3, 28, 'dstrv5', '1.0000'),
(0, 3, 28, 'dt', '2.0000'),
(0, 3, 28, 'dww2117', '1.0000'),
(0, 3, 28, 'dww3143', '1.0000'),
(0, 3, 28, 'elo', '998.0000'),
(0, 3, 28, 'fc_dt0', '2.0000'),
(0, 3, 28, 'fc_ki0', '1.0000'),
(0, 3, 28, 'fc_rs0', '286.0000'),
(0, 3, 28, 'fi', '86.0000'),
(0, 3, 28, 'ft_dt2', '2.0000'),
(0, 3, 28, 'ft_ki2', '1.0000'),
(0, 3, 28, 'ft_rs2', '286.0000'),
(0, 3, 28, 'hi', '17.0000'),
(0, 3, 28, 'hw3069', '4.0000'),
(0, 3, 28, 'hw3143', '13.0000'),
(0, 3, 28, 'ki', '1.0000'),
(0, 3, 28, 'kk2', '1.0000'),
(0, 3, 28, 'kkb2', '2.0000'),
(0, 3, 28, 'ks', '1.0000'),
(0, 3, 28, 'kv5', '1.0000'),
(0, 3, 28, 'kw3069', '1.0000'),
(0, 3, 28, 'level', '30'),
(0, 3, 28, 'ppt', '25.0000'),
(0, 3, 28, 'prs', '257.0000'),
(0, 3, 28, 'rs', '286.0000'),
(0, 3, 28, 'sw2044', '1.0000'),
(0, 3, 28, 'sw2110', '6.0000'),
(0, 3, 28, 'sw2117', '1.0000'),
(0, 3, 28, 'sw2139', '1.0000'),
(0, 3, 28, 'sw3069', '6.0000'),
(0, 3, 28, 'sw3143', '71.0000'),
(0, 3, 28, 'tv5', '112.0000'),
(0, 3, 28, 'tw2044', '13.0000'),
(0, 3, 28, 'tw2110', '2.0000'),
(0, 3, 28, 'tw2117', '5.0000'),
(0, 3, 28, 'tw2139', '23.0000'),
(0, 3, 28, 'tw2153', '4.0000'),
(0, 3, 28, 'tw3069', '10.0000'),
(0, 3, 28, 'tw3143', '31.0000'),
(0, 3, 28, 'xp', '500'),
(0, 12, 29, 'c_apr', '4;5;32'),
(0, 12, 29, 'c_emo', '5000;5007;5016;0;0;0;0;0;0'),
(0, 12, 29, 'c_eqp', '3001;3013;2136;0;0;0;0;0;0;0'),
(0, 12, 29, 'c_kit', '0'),
(0, 12, 29, 'c_team', '2'),
(0, 12, 29, 'c_tut', '1'),
(0, 12, 29, 'c_wallet_hero', '14'),
(0, 12, 29, 'c_wallet_valor', '59'),
(0, 12, 29, 'elo', '1000'),
(0, 12, 29, 'level', '30'),
(0, 12, 29, 'xp', '500'),
(0, 3, 30, 'cpc', '3.0000'),
(0, 3, 30, 'ct', '921.3360'),
(0, 3, 30, 'c_apr', '38;167;492;525;915;1302;1304'),
(0, 3, 30, 'c_emo', '5000;5007;5016;5005;5032;5006;0;0;0'),
(0, 3, 30, 'c_eqp', '3179;3144;2079;3157;2019;2085;2126;2153;0;0'),
(0, 3, 30, 'c_items', '2001;2002;2003;2004;2005;2016;2017;2018;2019;2075;2076;2077;2078;2079;2081;2082;2083;2084;2085;2126;2146;2147;2148;2149;2150;215'),
(0, 3, 30, 'c_kit', '1'),
(0, 30, 30, 'c_ltm', '8985.0000'),
(0, 3, 30, 'c_ltp', '8985.0000'),
(0, 30, 30, 'c_slm', '0.0000'),
(0, 3, 30, 'c_team', '2'),
(0, 3, 30, 'c_tut', '1.0000'),
(0, 3, 30, 'c_wallet_hero', '0.0000'),
(0, 3, 30, 'c_wallet_valor', '59'),
(0, 3, 30, 'dfv5', '8.0000'),
(0, 3, 30, 'dfw3067', '1.0000'),
(0, 3, 30, 'dfw3093', '1.0000'),
(0, 3, 30, 'dfw3097', '3.0000'),
(0, 3, 30, 'dfw3154', '1.0000'),
(0, 3, 30, 'dfw3178', '1.0000'),
(0, 3, 30, 'div5', '8.0000'),
(0, 3, 30, 'ds', '4.0000'),
(0, 3, 30, 'dstrv5', '19.0000'),
(0, 3, 30, 'dt', '8.0000'),
(0, 3, 30, 'dww2085', '2.0000'),
(0, 3, 30, 'dww2126', '1.0000'),
(0, 3, 30, 'dww2153', '1.0000'),
(0, 3, 30, 'dww3157', '1.0000'),
(0, 3, 30, 'dww3179', '3.0000'),
(0, 3, 30, 'elo', '1053.0000'),
(0, 3, 30, 'fc_dt1', '8.0000'),
(0, 3, 30, 'fc_ki1', '19.0000'),
(0, 3, 30, 'fc_rs1', '4688.0000'),
(0, 3, 30, 'fc_win1', '1.0000'),
(0, 3, 30, 'fi', '224.0000'),
(0, 3, 30, 'ft_dt2', '8.0000'),
(0, 3, 30, 'ft_ki2', '19.0000'),
(0, 3, 30, 'ft_rs2', '4688.0000'),
(0, 3, 30, 'ft_win2', '1.0000'),
(0, 3, 30, 'games', '1.0000'),
(0, 3, 30, 'hi', '44.0000'),
(0, 3, 30, 'hw2019', '1.0000'),
(0, 3, 30, 'hw3157', '3.0000'),
(0, 3, 30, 'hw3179', '40.0000'),
(0, 3, 30, 'ige22', '1.0000'),
(0, 3, 30, 'ka', '8.0000'),
(0, 3, 30, 'ki', '19.0000'),
(0, 3, 30, 'kk0', '8.0000'),
(0, 3, 30, 'kk1', '10.0000'),
(0, 3, 30, 'kk2', '1.0000'),
(0, 3, 30, 'kkb0', '3.0000'),
(0, 3, 30, 'kkb1', '5.0000'),
(0, 3, 30, 'ks', '8.0000'),
(0, 3, 30, 'kv5', '19.0000'),
(0, 3, 30, 'kvr5', '2.0000'),
(0, 3, 30, 'kw2085', '4.0000'),
(0, 3, 30, 'kw3179', '13.0000'),
(0, 3, 30, 'level', '30'),
(0, 3, 30, 'm_ct11', '178.3037'),
(0, 3, 30, 'm_win11', '1.0000'),
(0, 3, 30, 'ppt', '464.0000'),
(0, 3, 30, 'prs', '257.0000'),
(0, 3, 30, 'rs', '4688.0000'),
(0, 3, 30, 'sw2019', '1.0000'),
(0, 3, 30, 'sw2079', '1.0000'),
(0, 3, 30, 'sw2126', '1.0000'),
(0, 3, 30, 'sw3157', '10.0000'),
(0, 3, 30, 'sw3179', '211.0000'),
(0, 3, 30, 'tv3', '1.0000'),
(0, 3, 30, 'tv5', '920.0000'),
(0, 3, 30, 'tw2019', '16.0000'),
(0, 3, 30, 'tw2079', '24.0000'),
(0, 3, 30, 'tw2085', '171.0000'),
(0, 3, 30, 'tw2126', '120.0000'),
(0, 3, 30, 'tw2153', '11.0000'),
(0, 3, 30, 'tw3144', '17.0000'),
(0, 3, 30, 'tw3157', '101.0000'),
(0, 3, 30, 'tw3179', '338.0000'),
(0, 3, 30, 'win', '1.0000'),
(0, 3, 30, 'xp', '500'),
(0, 12, 31, 'c_apr', '10;979;981'),
(0, 12, 31, 'c_emo', '5000;5007;5016;0;0;0;0;0;0'),
(0, 12, 31, 'c_eqp', '3014;3002;2141;3155;0;0;0;0;0;0'),
(0, 12, 31, 'c_kit', '0'),
(0, 12, 31, 'c_team', '1'),
(0, 12, 31, 'c_tut', '1.0000'),
(0, 12, 31, 'c_wallet_hero', '14'),
(0, 12, 31, 'c_wallet_valor', '59'),
(0, 12, 31, 'elo', '1000'),
(0, 12, 31, 'level', '30'),
(0, 12, 31, 'xp', '500'),
(0, 3, 32, 'c_apr', '38;269;376;384;492;525;921;1263;1265'),
(0, 3, 32, 'c_emo', '5000;5007;5016;0;0;0;0;0;0'),
(0, 3, 32, 'c_eqp', '3150;3064;2030;3160;2092;2057;2049;2153;2031;0'),
(0, 3, 32, 'c_items', '2001;2002;2003;2004;2005;2026;2027;2028;2029;2030;2031;2046;2047;2048;2049;2055;2056;2057;2091;2092;2146;2147;2148;2149;2150;215'),
(0, 3, 32, 'c_kit', '2'),
(0, 3, 32, 'c_ltp', '8985.0000'),
(0, 3, 32, 'c_team', '2'),
(0, 3, 32, 'c_tut', '1.0000'),
(0, 3, 32, 'c_wallet_hero', '0.0000'),
(0, 3, 32, 'c_wallet_valor', '59'),
(0, 3, 32, 'elo', '1000'),
(0, 3, 32, 'level', '30'),
(0, 3, 32, 'xp', '500'),
(0, 8, 33, 'cpc', '5.0000'),
(0, 8, 33, 'ct', '821.2706'),
(0, 8, 33, 'c_apr', '245;431;525;562;1172;1263'),
(0, 8, 33, 'c_emo', '0;0;0;0;0;0;0;0;0'),
(0, 8, 33, 'c_eqp', '3020;3052;2059;3007;2095;2026;2001;2153;2035;0'),
(0, 8, 33, 'c_items', '2001;2002;2003;2004;2005;2026;2031;2032;2033;2034;2035;2055;2056;2057;2058;2059;2091;2092;2093;2094;2095;2146;2147;2148;2149;215'),
(0, 8, 33, 'c_kit', '2'),
(0, 8, 33, 'c_ltp', '8985.0000'),
(0, 8, 33, 'c_team', '2'),
(0, 8, 33, 'c_wallet_hero', '0.0000'),
(0, 8, 33, 'c_wallet_valor', '59'),
(0, 8, 33, 'dfv5', '7.0000'),
(0, 8, 33, 'dfw3022', '1.0000'),
(0, 8, 33, 'dfw3050', '2.0000'),
(0, 8, 33, 'dfw3051', '1.0000'),
(0, 8, 33, 'dfw3093', '2.0000'),
(0, 8, 33, 'dfw3154', '1.0000'),
(0, 8, 33, 'div5', '8.0000'),
(0, 8, 33, 'ds', '3.0000'),
(0, 8, 33, 'dstrv5', '13.0000'),
(0, 8, 33, 'dt', '8.0000'),
(0, 8, 33, 'dww2059', '5.0000'),
(0, 8, 33, 'dww3007', '2.0000'),
(0, 8, 33, 'dww3020', '1.0000'),
(0, 8, 33, 'elo', '1043.0000'),
(0, 8, 33, 'fc_dt2', '8.0000'),
(0, 8, 33, 'fc_ki2', '13.0000'),
(0, 8, 33, 'fc_los2', '3.0000'),
(0, 8, 33, 'fc_rs2', '4116.0000'),
(0, 8, 33, 'fi', '1271.0000'),
(0, 8, 33, 'ft_dt2', '8.0000'),
(0, 8, 33, 'ft_ki2', '13.0000'),
(0, 8, 33, 'ft_los2', '3.0000'),
(0, 8, 33, 'ft_rs2', '4116.0000'),
(0, 8, 33, 'games', '2.0000'),
(0, 8, 33, 'hi', '362.0000'),
(0, 8, 33, 'hw3007', '15.0000'),
(0, 8, 33, 'hw3020', '129.0000'),
(0, 8, 33, 'hw3036', '186.0000'),
(0, 8, 33, 'hw3052', '32.0000'),
(0, 8, 33, 'ka', '4.0000'),
(0, 8, 33, 'ki', '13.0000'),
(0, 8, 33, 'kk0', '2.0000'),
(0, 8, 33, 'kk2', '11.0000'),
(0, 8, 33, 'kkb0', '3.0000'),
(0, 8, 33, 'kkb2', '4.0000'),
(0, 8, 33, 'ks', '4.0000'),
(0, 8, 33, 'kv5', '13.0000'),
(0, 8, 33, 'kvr5', '1.0000'),
(0, 8, 33, 'kw3020', '4.0000'),
(0, 8, 33, 'kw3036', '4.0000'),
(0, 8, 33, 'kw3052', '4.0000'),
(0, 8, 33, 'level', '30'),
(0, 8, 33, 'los', '3.0000'),
(0, 8, 33, 'm_ct0', '521.0966'),
(0, 8, 33, 'm_ct11', '197.3110'),
(0, 8, 33, 'm_los0', '1.0000'),
(0, 8, 33, 'm_los11', '2.0000'),
(0, 8, 33, 'ppt', '513.0000'),
(0, 8, 33, 'prs', '257.0000'),
(0, 8, 33, 'rs', '4116.0000'),
(0, 8, 33, 'sw2026', '2.0000'),
(0, 8, 33, 'sw2095', '2.0000'),
(0, 8, 33, 'sw3007', '36.0000'),
(0, 8, 33, 'sw3020', '452.0000'),
(0, 8, 33, 'sw3036', '655.0000'),
(0, 8, 33, 'sw3052', '115.0000'),
(0, 8, 33, 'tv0', '42.0000'),
(0, 8, 33, 'tv1', '20.0000'),
(0, 8, 33, 'tv2', '35.0000'),
(0, 8, 33, 'tv3', '1.0000'),
(0, 8, 33, 'tv5', '819.0000'),
(0, 8, 33, 'tw2001', '29.0000'),
(0, 8, 33, 'tw2026', '31.0000'),
(0, 8, 33, 'tw2035', '48.0000'),
(0, 8, 33, 'tw2059', '128.0000'),
(0, 8, 33, 'tw2095', '61.0000'),
(0, 8, 33, 'tw2153', '9.0000'),
(0, 8, 33, 'tw3007', '171.0000'),
(0, 8, 33, 'tw3020', '118.0000'),
(0, 8, 33, 'tw3036', '52.0000'),
(0, 8, 33, 'tw3052', '88.0000'),
(0, 8, 33, 'tw3160', '1.0000'),
(0, 8, 33, 'xp', '0'),
(0, 14, 34, 'cpc', '8.0000'),
(0, 14, 34, 'cpd', '1.0000'),
(0, 14, 34, 'ct', '6012.7419'),
(0, 14, 34, 'c_apr', '505;1031;1058;1072;1093;1114;1115;1311'),
(0, 14, 34, 'c_emo', '5000;5007;5016;5026;5032;5029;5034;5040;5002'),
(0, 14, 34, 'c_eqp', '3076;3137;2145;2157;3155;2150;2005;2124;2041;2105'),
(0, 14, 34, 'c_items', '2001;2002;2003;2004;2005;2041;2101;2102;2103;2104;2105;2121;2122;2123;2124;2141;2142;2143;2144;2145;2146;2147;2148;2149;2150;215'),
(0, 14, 34, 'c_kit', '0'),
(0, 14, 34, 'c_ltp', '8985.0000'),
(0, 14, 34, 'c_team', '1'),
(0, 14, 34, 'c_tut', '1'),
(0, 14, 34, 'c_wallet_hero', '0.0000'),
(0, 14, 34, 'c_wallet_valor', '59'),
(0, 14, 34, 'c_wmid0', '6129.0000'),
(0, 14, 34, 'c_wmid1', '6000.0000'),
(0, 14, 34, 'dfv0', '1.0000'),
(0, 14, 34, 'dfv5', '43.0000'),
(0, 14, 34, 'dfw2046', '2.0000'),
(0, 14, 34, 'dfw2109', '1.0000'),
(0, 14, 34, 'dfw3015', '1.0000'),
(0, 14, 34, 'dfw3020', '12.0000'),
(0, 14, 34, 'dfw3027', '8.0000'),
(0, 14, 34, 'dfw3038', '1.0000'),
(0, 14, 34, 'dfw3069', '1.0000'),
(0, 14, 34, 'dfw3084', '1.0000'),
(0, 14, 34, 'dfw3090', '1.0000'),
(0, 14, 34, 'dfw3094', '3.0000'),
(0, 14, 34, 'dfw3112', '1.0000'),
(0, 14, 34, 'dfw3157', '2.0000'),
(0, 14, 34, 'dfw3164', '1.0000'),
(0, 14, 34, 'dfw3177', '1.0000'),
(0, 14, 34, 'dfw3179', '3.0000'),
(0, 14, 34, 'dfw3186', '3.0000'),
(0, 14, 34, 'dfw3193', '1.0000'),
(0, 14, 34, 'div5', '45.0000'),
(0, 14, 34, 'ds', '4.0000'),
(0, 14, 34, 'dstrv0', '2.0000'),
(0, 14, 34, 'dstrv5', '64.0000'),
(0, 14, 34, 'dt', '45.0000'),
(0, 14, 34, 'dww2043', '3.0000'),
(0, 14, 34, 'dww2104', '12.0000'),
(0, 14, 34, 'dww2105', '5.0000'),
(0, 14, 34, 'dww2124', '1.0000'),
(0, 14, 34, 'dww2145', '5.0000'),
(0, 14, 34, 'dww2153', '1.0000'),
(0, 14, 34, 'dww3093', '8.0000'),
(0, 14, 34, 'dww3137', '9.0000'),
(0, 14, 34, 'dww3154', '1.0000'),
(0, 14, 34, 'edm', '165.0000'),
(0, 14, 34, 'elo', '1060.0000'),
(0, 14, 34, 'fc_dt0', '45.0000'),
(0, 14, 34, 'fc_ki0', '66.0000'),
(0, 14, 34, 'fc_los0', '7.0000'),
(0, 14, 34, 'fc_rs0', '14294.0000'),
(0, 14, 34, 'fc_win0', '6.0000'),
(0, 14, 34, 'fi', '301.0000'),
(0, 14, 34, 'ft_dt1', '45.0000'),
(0, 14, 34, 'ft_ki1', '66.0000'),
(0, 14, 34, 'ft_los1', '7.0000'),
(0, 14, 34, 'ft_rs1', '14294.0000'),
(0, 14, 34, 'ft_win1', '6.0000'),
(0, 14, 34, 'games', '9.0000'),
(0, 14, 34, 'hi', '96.0000'),
(0, 14, 34, 'hw3093', '37.0000'),
(0, 14, 34, 'hw3137', '26.0000'),
(0, 14, 34, 'hw3154', '32.0000'),
(0, 14, 34, 'hw3155', '1.0000'),
(0, 14, 34, 'ige19', '27.0000'),
(0, 14, 34, 'ige22', '2.0000'),
(0, 14, 34, 'ige23', '2.0000'),
(0, 14, 34, 'ka', '27.0000'),
(0, 14, 34, 'ki', '66.0000'),
(0, 14, 34, 'kk0', '5.0000'),
(0, 14, 34, 'kk1', '51.0000'),
(0, 14, 34, 'kk2', '10.0000'),
(0, 14, 34, 'kkb0', '6.0000'),
(0, 14, 34, 'kkb1', '21.0000'),
(0, 14, 34, 'kkb2', '17.0000'),
(0, 14, 34, 'ks', '3.0000'),
(0, 14, 34, 'kv5', '66.0000'),
(0, 14, 34, 'kvr5', '1.0000'),
(0, 14, 34, 'kw3093', '55.0000'),
(0, 14, 34, 'kw3137', '6.0000'),
(0, 14, 34, 'kw3154', '4.0000'),
(0, 14, 34, 'level', '30'),
(0, 14, 34, 'los', '7.0000'),
(0, 14, 34, 'mid0', '0.0000'),
(0, 14, 34, 'mid1', '0.0000'),
(0, 14, 34, 'm_ct0', '138.9316'),
(0, 14, 34, 'm_ct11', '2041.2305'),
(0, 14, 34, 'm_ct5', '3098.5889'),
(0, 14, 34, 'm_los0', '4.0000'),
(0, 14, 34, 'm_los11', '3.0000'),
(0, 14, 34, 'm_win0', '1.0000'),
(0, 14, 34, 'm_win11', '2.0000'),
(0, 14, 34, 'm_win5', '3.0000'),
(0, 14, 34, 'ppt', '823.0000'),
(0, 14, 34, 'prs', '257.0000'),
(0, 14, 34, 'rs', '14294.0000'),
(0, 14, 34, 'sw2041', '1.0000'),
(0, 14, 34, 'sw2043', '1.0000'),
(0, 14, 34, 'sw2104', '3.0000'),
(0, 14, 34, 'sw2105', '1.0000'),
(0, 14, 34, 'sw2123', '3.0000'),
(0, 14, 34, 'sw2124', '1.0000'),
(0, 14, 34, 'sw2145', '4.0000'),
(0, 14, 34, 'sw3093', '99.0000'),
(0, 14, 34, 'sw3137', '78.0000'),
(0, 14, 34, 'sw3154', '106.0000'),
(0, 14, 34, 'sw3155', '4.0000'),
(0, 14, 34, 'tv0', '230.0000'),
(0, 14, 34, 'tv1', '1.0000'),
(0, 14, 34, 'tv2', '328.0000'),
(0, 14, 34, 'tv3', '17.0000'),
(0, 14, 34, 'tv5', '6011.0000'),
(0, 14, 34, 'tw2041', '37.0000'),
(0, 14, 34, 'tw2043', '270.0000'),
(0, 14, 34, 'tw2104', '358.0000'),
(0, 14, 34, 'tw2105', '86.0000'),
(0, 14, 34, 'tw2123', '143.0000'),
(0, 14, 34, 'tw2124', '28.0000'),
(0, 14, 34, 'tw2145', '898.0000'),
(0, 14, 34, 'tw2150', '53.0000'),
(0, 14, 34, 'tw2153', '6.0000'),
(0, 14, 34, 'tw2157', '3.0000'),
(0, 14, 34, 'tw3093', '1311.0000'),
(0, 14, 34, 'tw3137', '1016.0000'),
(0, 14, 34, 'tw3154', '166.0000'),
(0, 14, 34, 'tw3155', '11.0000'),
(0, 14, 34, 'win', '6.0000'),
(0, 14, 34, 'xp', '500'),
(0, 17, 35, 'cpc', '11.0000'),
(0, 17, 35, 'cpd', '1.0000'),
(0, 17, 35, 'ct', '5413.2878'),
(0, 17, 35, 'c_apr', '407;409;410;436;483;484;505;507;548;1128'),
(0, 17, 35, 'c_emo', '5008;5013;5010;5000;5005;0;0;0;0'),
(0, 17, 35, 'c_eqp', '3178;3137;2079;2072;2025;3158;2153;2004;2132;2086'),
(0, 17, 35, 'c_items', '2001;2002;2003;2004;2005;2021;2022;2023;2024;2025;2070;2071;2072;2075;2076;2077;2078;2079;2086;2131;2132;2146;2147;2148;2149;215'),
(0, 17, 35, 'c_kit', '1'),
(0, 17, 35, 'c_ltp', '8985.0000'),
(0, 17, 35, 'c_team', '1'),
(0, 17, 35, 'c_wallet_hero', '0.0000'),
(0, 17, 35, 'c_wallet_valor', '59'),
(0, 17, 35, 'dfv5', '44.0000'),
(0, 17, 35, 'dfw2049', '3.0000'),
(0, 17, 35, 'dfw2065', '1.0000'),
(0, 17, 35, 'dfw2085', '1.0000'),
(0, 17, 35, 'dfw2152', '1.0000'),
(0, 17, 35, 'dfw3015', '1.0000'),
(0, 17, 35, 'dfw3020', '8.0000'),
(0, 17, 35, 'dfw3028', '1.0000'),
(0, 17, 35, 'dfw3036', '6.0000'),
(0, 17, 35, 'dfw3038', '4.0000'),
(0, 17, 35, 'dfw3053', '1.0000'),
(0, 17, 35, 'dfw3084', '5.0000'),
(0, 17, 35, 'dfw3090', '1.0000'),
(0, 17, 35, 'dfw3092', '1.0000'),
(0, 17, 35, 'dfw3094', '1.0000'),
(0, 17, 35, 'dfw3111', '2.0000'),
(0, 17, 35, 'dfw3160', '1.0000'),
(0, 17, 35, 'dfw3177', '1.0000'),
(0, 17, 35, 'dfw3179', '2.0000'),
(0, 17, 35, 'div5', '44.0000'),
(0, 17, 35, 'ds', '2.0000'),
(0, 17, 35, 'dstrv5', '59.0000'),
(0, 17, 35, 'dt', '44.0000'),
(0, 17, 35, 'dww2004', '3.0000'),
(0, 17, 35, 'dww2025', '2.0000'),
(0, 17, 35, 'dww2072', '8.0000'),
(0, 17, 35, 'dww2079', '2.0000'),
(0, 17, 35, 'dww2086', '6.0000'),
(0, 17, 35, 'dww2132', '1.0000'),
(0, 17, 35, 'dww2153', '1.0000'),
(0, 17, 35, 'dww3037', '1.0000'),
(0, 17, 35, 'dww3137', '4.0000'),
(0, 17, 35, 'dww3158', '4.0000'),
(0, 17, 35, 'dww3178', '12.0000'),
(0, 17, 35, 'elo', '1043.0000'),
(0, 17, 35, 'fc_dt1', '44.0000'),
(0, 17, 35, 'fc_ki1', '59.0000'),
(0, 17, 35, 'fc_los1', '6.0000'),
(0, 17, 35, 'fc_rs1', '24277.0000'),
(0, 17, 35, 'fc_win1', '3.0000'),
(0, 17, 35, 'fi', '747.0000'),
(0, 17, 35, 'ft_dt1', '44.0000'),
(0, 17, 35, 'ft_ki1', '59.0000'),
(0, 17, 35, 'ft_los1', '6.0000'),
(0, 17, 35, 'ft_rs1', '24277.0000'),
(0, 17, 35, 'ft_win1', '3.0000'),
(0, 17, 35, 'games', '7.0000'),
(0, 17, 35, 'hi', '140.0000'),
(0, 17, 35, 'hw2025', '11.0000'),
(0, 17, 35, 'hw2072', '7.0000'),
(0, 17, 35, 'hw3037', '16.0000'),
(0, 17, 35, 'hw3137', '31.0000'),
(0, 17, 35, 'hw3158', '8.0000'),
(0, 17, 35, 'hw3178', '67.0000'),
(0, 17, 35, 'ige11', '1.0000'),
(0, 17, 35, 'ige22', '2.0000'),
(0, 17, 35, 'ige23', '1.0000'),
(0, 17, 35, 'ka', '49.0000'),
(0, 17, 35, 'ki', '59.0000'),
(0, 17, 35, 'kk0', '3.0000'),
(0, 17, 35, 'kk1', '23.0000'),
(0, 17, 35, 'kk2', '33.0000'),
(0, 17, 35, 'kkb0', '6.0000'),
(0, 17, 35, 'kkb1', '11.0000'),
(0, 17, 35, 'kkb2', '27.0000'),
(0, 17, 35, 'ks', '6.0000'),
(0, 17, 35, 'kv5', '58.0000'),
(0, 17, 35, 'kvr5', '8.0000'),
(0, 17, 35, 'kw2025', '1.0000'),
(0, 17, 35, 'kw2072', '1.0000'),
(0, 17, 35, 'kw2086', '3.0000'),
(0, 17, 35, 'kw3037', '9.0000'),
(0, 17, 35, 'kw3137', '12.0000'),
(0, 17, 35, 'kw3158', '5.0000'),
(0, 17, 35, 'kw3178', '20.0000'),
(0, 17, 35, 'level', '30'),
(0, 17, 35, 'los', '6.0000'),
(0, 17, 35, 'm_ct11', '685.9409'),
(0, 17, 35, 'm_ct5', '2263.7949'),
(0, 17, 35, 'm_los11', '3.0000'),
(0, 17, 35, 'm_los5', '3.0000'),
(0, 17, 35, 'm_win11', '1.0000'),
(0, 17, 35, 'm_win5', '2.0000'),
(0, 17, 35, 'ppt', '1327.0000'),
(0, 17, 35, 'prs', '258.0000'),
(0, 17, 35, 'rs', '24277.0000'),
(0, 17, 35, 'sw2025', '16.0000'),
(0, 17, 35, 'sw2072', '20.0000'),
(0, 17, 35, 'sw2079', '2.0000'),
(0, 17, 35, 'sw2132', '2.0000'),
(0, 17, 35, 'sw3037', '111.0000'),
(0, 17, 35, 'sw3137', '79.0000'),
(0, 17, 35, 'sw3158', '50.0000'),
(0, 17, 35, 'sw3178', '467.0000'),
(0, 17, 35, 'tv0', '58.0000'),
(0, 17, 35, 'tv3', '4.0000'),
(0, 17, 35, 'tv5', '5412.0000'),
(0, 17, 35, 'tw2004', '125.0000'),
(0, 17, 35, 'tw2025', '151.0000'),
(0, 17, 35, 'tw2072', '511.0000'),
(0, 17, 35, 'tw2079', '114.0000'),
(0, 17, 35, 'tw2086', '502.0000'),
(0, 17, 35, 'tw2132', '383.0000'),
(0, 17, 35, 'tw2153', '30.0000'),
(0, 17, 35, 'tw3037', '717.0000'),
(0, 17, 35, 'tw3137', '722.0000'),
(0, 17, 35, 'tw3158', '876.0000'),
(0, 17, 35, 'tw3178', '1161.0000'),
(0, 17, 35, 'win', '3.0000'),
(0, 17, 35, 'xp', '0'),
(0, 16, 36, 'c_apr', '9;10;73'),
(0, 16, 36, 'c_emo', '0'),
(0, 16, 36, 'c_eqp', '0'),
(0, 16, 36, 'c_kit', '2'),
(0, 16, 36, 'c_team', '1'),
(0, 16, 36, 'c_wallet_hero', '15'),
(0, 16, 36, 'c_wallet_valor', '59'),
(0, 16, 36, 'elo', '1000'),
(0, 16, 36, 'level', '30'),
(0, 16, 36, 'xp', '0'),
(0, 17, 37, 'c_apr', '10;978;980'),
(0, 17, 37, 'c_emo', '0'),
(0, 17, 37, 'c_eqp', '0'),
(0, 17, 37, 'c_kit', '1'),
(0, 17, 37, 'c_team', '1'),
(0, 17, 37, 'c_wallet_hero', '15'),
(0, 17, 37, 'c_wallet_valor', '59'),
(0, 17, 37, 'elo', '1000'),
(0, 17, 37, 'level', '30'),
(0, 17, 37, 'xp', '0'),
(0, 18, 38, 'ct', '491.9944'),
(0, 18, 38, 'c_apr', '296;409;410;458;1010;1031;1057;1072;1128;1321'),
(0, 18, 38, 'c_emo', '5026;5007;5038;5000;5033;5002;5004;5003;5001'),
(0, 18, 38, 'c_eqp', '3154;3019;2145;2105;2044;2121;3155;0;0;0');
INSERT INTO `game_stats` (`id`, `user_id`, `heroID`, `statsKey`, `statsValue`) VALUES
(0, 18, 38, 'c_items', '2001;2002;2003;2004;2005;2041;2042;2043;2044;2101;2102;2103;2104;2105;2121;2141;2142;2143;2144;2145;2146;2147;2148;2149;2150;215'),
(0, 18, 38, 'c_kit', '0'),
(0, 18, 38, 'c_ltp', '8985.0000'),
(0, 18, 38, 'c_team', '1'),
(0, 18, 38, 'c_tut', '1'),
(0, 18, 38, 'c_wallet_hero', '0.0000'),
(0, 18, 38, 'c_wallet_valor', '59'),
(0, 18, 38, 'c_wmid0', '0.0000'),
(0, 18, 38, 'c_wmid1', '0.0000'),
(0, 18, 38, 'dfv5', '1.0000'),
(0, 18, 38, 'dfw3027', '1.0000'),
(0, 18, 38, 'div5', '1.0000'),
(0, 18, 38, 'ds', '1.0000'),
(0, 18, 38, 'dstrv0', '1.0000'),
(0, 18, 38, 'dstrv5', '3.0000'),
(0, 18, 38, 'dt', '1.0000'),
(0, 18, 38, 'dww3154', '1.0000'),
(0, 18, 38, 'edm', '165.0000'),
(0, 18, 38, 'elo', '1025.0000'),
(0, 18, 38, 'fc_dt0', '1.0000'),
(0, 18, 38, 'fc_ki0', '4.0000'),
(0, 18, 38, 'fc_los0', '1.0000'),
(0, 18, 38, 'fc_rs0', '820.0000'),
(0, 18, 38, 'fi', '97.0000'),
(0, 18, 38, 'ft_dt1', '1.0000'),
(0, 18, 38, 'ft_ki1', '4.0000'),
(0, 18, 38, 'ft_los1', '1.0000'),
(0, 18, 38, 'ft_rs1', '820.0000'),
(0, 18, 38, 'hi', '25.0000'),
(0, 18, 38, 'hw3019', '8.0000'),
(0, 18, 38, 'hw3154', '17.0000'),
(0, 18, 38, 'ige19', '1.0000'),
(0, 18, 38, 'ige22', '1.0000'),
(0, 18, 38, 'ka', '1.0000'),
(0, 18, 38, 'ki', '4.0000'),
(0, 18, 38, 'kk0', '1.0000'),
(0, 18, 38, 'kk1', '3.0000'),
(0, 18, 38, 'kkb1', '1.0000'),
(0, 18, 38, 'ks', '3.0000'),
(0, 18, 38, 'kv5', '4.0000'),
(0, 18, 38, 'kw3019', '1.0000'),
(0, 18, 38, 'kw3154', '3.0000'),
(0, 18, 38, 'level', '30'),
(0, 18, 38, 'los', '1.0000'),
(0, 18, 38, 'm1c0', '754.0000'),
(0, 18, 38, 'mid0', '6129.0000'),
(0, 18, 38, 'mid1', '6000.0000'),
(0, 18, 38, 'm_ct0', '434.8569'),
(0, 18, 38, 'm_los0', '1.0000'),
(0, 18, 38, 'ppt', '62.0000'),
(0, 18, 38, 'prs', '257.0000'),
(0, 18, 38, 'rs', '820.0000'),
(0, 18, 38, 'sw2044', '1.0000'),
(0, 18, 38, 'sw2105', '1.0000'),
(0, 18, 38, 'sw2121', '1.0000'),
(0, 18, 38, 'sw2145', '1.0000'),
(0, 18, 38, 'sw3019', '40.0000'),
(0, 18, 38, 'sw3154', '53.0000'),
(0, 18, 38, 'tv0', '15.0000'),
(0, 18, 38, 'tv5', '491.0000'),
(0, 18, 38, 'tw2044', '65.0000'),
(0, 18, 38, 'tw2105', '29.0000'),
(0, 18, 38, 'tw2121', '13.0000'),
(0, 18, 38, 'tw2145', '86.0000'),
(0, 18, 38, 'tw3019', '95.0000'),
(0, 18, 38, 'tw3154', '75.0000'),
(0, 18, 38, 'xp', '500'),
(0, 17, 39, 'cpc', '12.0000'),
(0, 17, 39, 'cpd', '1.0000'),
(0, 17, 39, 'ct', '9673.7779'),
(0, 17, 39, 'c_apr', '359;505;507;536;1125;1128;1143;1253;1270'),
(0, 17, 39, 'c_emo', '0'),
(0, 17, 39, 'c_eqp', '3050;3051;3008;2053;2095;2026;2153;2004;2036;2064'),
(0, 17, 39, 'c_items', '2001;2002;2003;2004;2005;2026;2036;2050;2051;2052;2053;2060;2061;2062;2063;2064;2091;2092;2093;2094;2095;2146;2147;2148;2149;215'),
(0, 17, 39, 'c_kit', '2'),
(0, 17, 39, 'c_ltp', '8985.0000'),
(0, 17, 39, 'c_team', '1'),
(0, 17, 39, 'c_wallet_hero', '0.0000'),
(0, 17, 39, 'c_wallet_valor', '59'),
(0, 17, 39, 'dfv5', '67.0000'),
(0, 17, 39, 'dfw2049', '2.0000'),
(0, 17, 39, 'dfw2084', '1.0000'),
(0, 17, 39, 'dfw2085', '2.0000'),
(0, 17, 39, 'dfw3015', '1.0000'),
(0, 17, 39, 'dfw3020', '14.0000'),
(0, 17, 39, 'dfw3027', '2.0000'),
(0, 17, 39, 'dfw3036', '4.0000'),
(0, 17, 39, 'dfw3052', '2.0000'),
(0, 17, 39, 'dfw3060', '1.0000'),
(0, 17, 39, 'dfw3069', '1.0000'),
(0, 17, 39, 'dfw3084', '4.0000'),
(0, 17, 39, 'dfw3090', '1.0000'),
(0, 17, 39, 'dfw3092', '6.0000'),
(0, 17, 39, 'dfw3094', '1.0000'),
(0, 17, 39, 'dfw3112', '6.0000'),
(0, 17, 39, 'dfw3144', '2.0000'),
(0, 17, 39, 'dfw3150', '4.0000'),
(0, 17, 39, 'dfw3157', '3.0000'),
(0, 17, 39, 'dfw3160', '1.0000'),
(0, 17, 39, 'dfw3177', '1.0000'),
(0, 17, 39, 'dfw3192', '1.0000'),
(0, 17, 39, 'div2', '4.0000'),
(0, 17, 39, 'div5', '69.0000'),
(0, 17, 39, 'ds', '6.0000'),
(0, 17, 39, 'dstrv0', '1.0000'),
(0, 17, 39, 'dstrv1', '1.0000'),
(0, 17, 39, 'dstrv2', '1.0000'),
(0, 17, 39, 'dstrv5', '132.0000'),
(0, 17, 39, 'dt', '73.0000'),
(0, 17, 39, 'dww2004', '2.0000'),
(0, 17, 39, 'dww2026', '3.0000'),
(0, 17, 39, 'dww2036', '3.0000'),
(0, 17, 39, 'dww2053', '4.0000'),
(0, 17, 39, 'dww2064', '14.0000'),
(0, 17, 39, 'dww2095', '8.0000'),
(0, 17, 39, 'dww3008', '16.0000'),
(0, 17, 39, 'dww3050', '13.0000'),
(0, 17, 39, 'dww3051', '6.0000'),
(0, 17, 39, 'elo', '1085.0000'),
(0, 17, 39, 'fc_dt2', '73.0000'),
(0, 17, 39, 'fc_ki2', '135.0000'),
(0, 17, 39, 'fc_los2', '11.0000'),
(0, 17, 39, 'fc_rs2', '39539.0000'),
(0, 17, 39, 'fc_win2', '10.0000'),
(0, 17, 39, 'fi', '696.0000'),
(0, 17, 39, 'ft_dt1', '73.0000'),
(0, 17, 39, 'ft_ki1', '135.0000'),
(0, 17, 39, 'ft_los1', '11.0000'),
(0, 17, 39, 'ft_rs1', '39539.0000'),
(0, 17, 39, 'ft_win1', '10.0000'),
(0, 17, 39, 'games', '18.0000'),
(0, 17, 39, 'hi', '125.0000'),
(0, 17, 39, 'hw2053', '3.0000'),
(0, 17, 39, 'hw3008', '17.0000'),
(0, 17, 39, 'hw3050', '93.0000'),
(0, 17, 39, 'hw3051', '12.0000'),
(0, 17, 39, 'ige12', '1.0000'),
(0, 17, 39, 'ige16', '2.0000'),
(0, 17, 39, 'ige18', '2.0000'),
(0, 17, 39, 'ige20', '1.0000'),
(0, 17, 39, 'ige22', '6.0000'),
(0, 17, 39, 'ige23', '3.0000'),
(0, 17, 39, 'ige3', '4.0000'),
(0, 17, 39, 'ka', '79.0000'),
(0, 17, 39, 'ki', '135.0000'),
(0, 17, 39, 'kk0', '14.0000'),
(0, 17, 39, 'kk1', '70.0000'),
(0, 17, 39, 'kk2', '51.0000'),
(0, 17, 39, 'kkb0', '14.0000'),
(0, 17, 39, 'kkb1', '22.0000'),
(0, 17, 39, 'kkb2', '31.0000'),
(0, 17, 39, 'ks', '13.0000'),
(0, 17, 39, 'kv0', '1.0000'),
(0, 17, 39, 'kv2', '3.0000'),
(0, 17, 39, 'kv5', '131.0000'),
(0, 17, 39, 'kvr0', '1.0000'),
(0, 17, 39, 'kvr2', '2.0000'),
(0, 17, 39, 'kvr5', '3.0000'),
(0, 17, 39, 'kw2053', '8.0000'),
(0, 17, 39, 'kw3008', '4.0000'),
(0, 17, 39, 'kw3050', '86.0000'),
(0, 17, 39, 'kw3051', '30.0000'),
(0, 17, 39, 'level', '30'),
(0, 17, 39, 'los', '11.0000'),
(0, 17, 39, 'm_ct0', '3161.1825'),
(0, 17, 39, 'm_ct11', '6847.7491'),
(0, 17, 39, 'm_los0', '7.0000'),
(0, 17, 39, 'm_los11', '3.0000'),
(0, 17, 39, 'm_los9', '1.0000'),
(0, 17, 39, 'm_win0', '3.0000'),
(0, 17, 39, 'm_win11', '7.0000'),
(0, 17, 39, 'ppt', '469.0000'),
(0, 17, 39, 'prs', '261.0000'),
(0, 17, 39, 'rs', '39539.0000'),
(0, 17, 39, 'su', '1.0000'),
(0, 17, 39, 'sw2026', '2.0000'),
(0, 17, 39, 'sw2053', '7.0000'),
(0, 17, 39, 'sw2095', '2.0000'),
(0, 17, 39, 'sw3008', '36.0000'),
(0, 17, 39, 'sw3050', '488.0000'),
(0, 17, 39, 'sw3051', '142.0000'),
(0, 17, 39, 'tv0', '519.0000'),
(0, 17, 39, 'tv1', '5.0000'),
(0, 17, 39, 'tv2', '901.0000'),
(0, 17, 39, 'tv3', '21.0000'),
(0, 17, 39, 'tv5', '9672.0000'),
(0, 17, 39, 'tw2004', '221.0000'),
(0, 17, 39, 'tw2026', '234.0000'),
(0, 17, 39, 'tw2036', '377.0000'),
(0, 17, 39, 'tw2053', '117.0000'),
(0, 17, 39, 'tw2064', '996.0000'),
(0, 17, 39, 'tw2095', '942.0000'),
(0, 17, 39, 'tw2153', '52.0000'),
(0, 17, 39, 'tw3008', '2449.0000'),
(0, 17, 39, 'tw3050', '1621.0000'),
(0, 17, 39, 'tw3051', '1778.0000'),
(0, 17, 39, 'win', '10.0000'),
(0, 17, 39, 'xp', '0'),
(0, 16, 40, 'ct', '161.9075'),
(0, 16, 40, 'c_apr', '1106;1126;1242;1243;1329'),
(0, 16, 40, 'c_emo', '0;0;0;0;5027;0;0;0;0'),
(0, 16, 40, 'c_eqp', '3028;3020;2026;3160;2059;2095;2049;2031;0;0'),
(0, 16, 40, 'c_items', '2001;2002;2003;2004;2005;2026;2031;2046;2047;2048;2049;2055;2056;2057;2058;2059;2091;2092;2093;2094;2095;2146;2147;2148;2149;215'),
(0, 16, 40, 'c_kit', '2'),
(0, 16, 40, 'c_ltp', '8985.0000'),
(0, 16, 40, 'c_team', '2'),
(0, 16, 40, 'c_wallet_hero', '0.0000'),
(0, 16, 40, 'c_wallet_valor', '59'),
(0, 16, 40, 'dfv5', '2.0000'),
(0, 16, 40, 'dfw3050', '2.0000'),
(0, 16, 40, 'div5', '2.0000'),
(0, 16, 40, 'ds', '2.0000'),
(0, 16, 40, 'dt', '2.0000'),
(0, 16, 40, 'dww2031', '1.0000'),
(0, 16, 40, 'dww3160', '1.0000'),
(0, 16, 40, 'elo', '927.0000'),
(0, 16, 40, 'fc_dt2', '2.0000'),
(0, 16, 40, 'fc_los2', '1.0000'),
(0, 16, 40, 'fc_rs2', '148.0000'),
(0, 16, 40, 'fi', '178.0000'),
(0, 16, 40, 'ft_dt2', '2.0000'),
(0, 16, 40, 'ft_los2', '1.0000'),
(0, 16, 40, 'ft_rs2', '148.0000'),
(0, 16, 40, 'games', '4.0000'),
(0, 16, 40, 'hi', '22.0000'),
(0, 16, 40, 'hw3020', '21.0000'),
(0, 16, 40, 'hw3160', '1.0000'),
(0, 16, 40, 'kkb2', '2.0000'),
(0, 16, 40, 'ks', '0.0000'),
(0, 16, 40, 'level', '30'),
(0, 16, 40, 'los', '1.0000'),
(0, 16, 40, 'm_ct0', '181.7015'),
(0, 16, 40, 'm_los0', '1.0000'),
(0, 16, 40, 'ppt', '1238.0000'),
(0, 16, 40, 'prs', '257.0000'),
(0, 16, 40, 'rs', '148.0000'),
(0, 16, 40, 'sw2026', '1.0000'),
(0, 16, 40, 'sw2049', '5.0000'),
(0, 16, 40, 'sw2095', '1.0000'),
(0, 16, 40, 'sw3020', '155.0000'),
(0, 16, 40, 'sw3028', '7.0000'),
(0, 16, 40, 'sw3160', '9.0000'),
(0, 16, 40, 'tv3', '2.0000'),
(0, 16, 40, 'tv5', '161.0000'),
(0, 16, 40, 'tw2026', '1.0000'),
(0, 16, 40, 'tw2031', '13.0000'),
(0, 16, 40, 'tw2049', '1.0000'),
(0, 16, 40, 'tw2059', '12.0000'),
(0, 16, 40, 'tw2095', '18.0000'),
(0, 16, 40, 'tw3020', '16.0000'),
(0, 16, 40, 'tw3028', '39.0000'),
(0, 16, 40, 'tw3160', '59.0000'),
(0, 16, 40, 'xp', '0'),
(0, 17, 41, 'c_apr', '4;36;444'),
(0, 17, 41, 'c_emo', '0'),
(0, 17, 41, 'c_eqp', '0'),
(0, 17, 41, 'c_kit', '2'),
(0, 17, 41, 'c_team', '2'),
(0, 17, 41, 'c_wallet_hero', '15'),
(0, 17, 41, 'c_wallet_valor', '59'),
(0, 17, 41, 'elo', '1000'),
(0, 17, 41, 'level', '30'),
(0, 17, 41, 'xp', '0'),
(0, 16, 42, 'c_apr', '10;978;980'),
(0, 16, 42, 'c_emo', '0'),
(0, 16, 42, 'c_eqp', '0'),
(0, 16, 42, 'c_kit', '1'),
(0, 16, 42, 'c_team', '1'),
(0, 16, 42, 'c_wallet_hero', '15'),
(0, 16, 42, 'c_wallet_valor', '59'),
(0, 16, 42, 'elo', '1000'),
(0, 16, 42, 'level', '30'),
(0, 16, 42, 'xp', '0'),
(0, 16, 43, 'c_apr', '4;935;936'),
(0, 16, 43, 'c_emo', '0'),
(0, 16, 43, 'c_eqp', '0'),
(0, 16, 43, 'c_kit', '1'),
(0, 16, 43, 'c_team', '2'),
(0, 16, 43, 'c_wallet_hero', '15'),
(0, 16, 43, 'c_wallet_valor', '59'),
(0, 16, 43, 'elo', '1000'),
(0, 16, 43, 'level', '30'),
(0, 16, 43, 'xp', '0'),
(0, 16, 44, 'c_apr', '10;979;981'),
(0, 16, 44, 'c_emo', '0'),
(0, 16, 44, 'c_eqp', '0'),
(0, 16, 44, 'c_kit', '0'),
(0, 16, 44, 'c_team', '1'),
(0, 16, 44, 'c_wallet_hero', '15'),
(0, 16, 44, 'c_wallet_valor', '59'),
(0, 16, 44, 'elo', '1000'),
(0, 16, 44, 'level', '30'),
(0, 16, 44, 'xp', '0'),
(0, 16, 45, 'c_apr', '4;5;32'),
(0, 16, 45, 'c_emo', '0'),
(0, 16, 45, 'c_eqp', '0'),
(0, 16, 45, 'c_kit', '0'),
(0, 16, 45, 'c_team', '2'),
(0, 16, 45, 'c_wallet_hero', '15'),
(0, 16, 45, 'c_wallet_valor', '59'),
(0, 16, 45, 'elo', '1000'),
(0, 16, 45, 'level', '30'),
(0, 16, 45, 'xp', '0'),
(0, 19, 46, 'c_apr', '4;36;444'),
(0, 19, 46, 'c_emo', '5000;5007;5016;0;0;0;0;0;0'),
(0, 19, 46, 'c_eqp', '3003;3009;2026;0;0;0;0;0;0;0'),
(0, 19, 46, 'c_kit', '2'),
(0, 19, 46, 'c_ltp', '8985.0000'),
(0, 19, 46, 'c_team', '2'),
(0, 19, 46, 'c_tut', '1'),
(0, 19, 46, 'c_wallet_hero', '14'),
(0, 19, 46, 'c_wallet_valor', '59'),
(0, 19, 46, 'elo', '1000'),
(0, 19, 46, 'level', '30'),
(0, 19, 46, 'xp', '500'),
(0, 2, 47, 'cpc', '4.0000'),
(0, 2, 47, 'cpd', '1.0000'),
(0, 2, 47, 'ct', '687.8207'),
(0, 2, 47, 'c_apr', '4;36;444'),
(0, 2, 47, 'c_emo', '5000;5007;5016;0;0;0;0;0;0'),
(0, 2, 47, 'c_eqp', '3060;3054;2030;2095;0;2152;3175;0;0;0'),
(0, 2, 47, 'c_items', '2001;2002;2003;2004;2005;2026;2027;2028;2029;2030;2046;2047;2048;2049;2091;2092;2093;2094;2095;2146;2147;2148;2149;2150;2152;215'),
(0, 2, 47, 'c_kit', '2'),
(0, 2, 47, 'c_ltp', '8985.0000'),
(0, 2, 47, 'c_team', '2'),
(0, 2, 47, 'c_tut', '1'),
(0, 2, 47, 'c_wallet_hero', '0.0000'),
(0, 2, 47, 'c_wallet_valor', '59'),
(0, 2, 47, 'dfv5', '16.0000'),
(0, 2, 47, 'dfw2090', '1.0000'),
(0, 2, 47, 'dfw3045', '3.0000'),
(0, 2, 47, 'dfw3048', '4.0000'),
(0, 2, 47, 'dfw3050', '5.0000'),
(0, 2, 47, 'dfw3178', '3.0000'),
(0, 2, 47, 'div5', '16.0000'),
(0, 2, 47, 'ds', '10.0000'),
(0, 2, 47, 'dstrv5', '4.0000'),
(0, 2, 47, 'dt', '16.0000'),
(0, 2, 47, 'dww2030', '1.0000'),
(0, 2, 47, 'dww2095', '3.0000'),
(0, 2, 47, 'dww3060', '9.0000'),
(0, 2, 47, 'dww3175', '3.0000'),
(0, 2, 47, 'elo', '919.0000'),
(0, 2, 47, 'fc_dt2', '16.0000'),
(0, 2, 47, 'fc_ki2', '4.0000'),
(0, 2, 47, 'fc_los2', '1.0000'),
(0, 2, 47, 'fc_rs2', '2235.0000'),
(0, 2, 47, 'fi', '1519.0000'),
(0, 2, 47, 'ft_dt2', '16.0000'),
(0, 2, 47, 'ft_ki2', '4.0000'),
(0, 2, 47, 'ft_los2', '1.0000'),
(0, 2, 47, 'ft_rs2', '2235.0000'),
(0, 2, 47, 'hi', '217.0000'),
(0, 2, 47, 'hw2152', '7.0000'),
(0, 2, 47, 'hw3054', '14.0000'),
(0, 2, 47, 'hw3060', '165.0000'),
(0, 2, 47, 'hw3175', '31.0000'),
(0, 2, 47, 'ige23', '1.0000'),
(0, 2, 47, 'ka', '2.0000'),
(0, 2, 47, 'ki', '4.0000'),
(0, 2, 47, 'kk1', '1.0000'),
(0, 2, 47, 'kk2', '3.0000'),
(0, 2, 47, 'kkb1', '4.0000'),
(0, 2, 47, 'kkb2', '12.0000'),
(0, 2, 47, 'ks', '2.0000'),
(0, 2, 47, 'kv5', '4.0000'),
(0, 2, 47, 'kw2152', '1.0000'),
(0, 2, 47, 'kw3060', '2.0000'),
(0, 2, 47, 'kw3175', '1.0000'),
(0, 2, 47, 'level', '30'),
(0, 2, 47, 'los', '1.0000'),
(0, 2, 47, 'm_ct0', '738.8691'),
(0, 2, 47, 'm_los0', '1.0000'),
(0, 2, 47, 'ppt', '254.0000'),
(0, 2, 47, 'prs', '257.0000'),
(0, 2, 47, 'rs', '2235.0000'),
(0, 2, 47, 'sw2030', '1.0000'),
(0, 2, 47, 'sw2095', '1.0000'),
(0, 2, 47, 'sw2152', '32.0000'),
(0, 2, 47, 'sw3054', '75.0000'),
(0, 2, 47, 'sw3060', '1338.0000'),
(0, 2, 47, 'sw3175', '72.0000'),
(0, 2, 47, 'tv0', '6.0000'),
(0, 2, 47, 'tv3', '8.0000'),
(0, 2, 47, 'tv5', '687.0000'),
(0, 2, 47, 'tw2030', '63.0000'),
(0, 2, 47, 'tw2095', '134.0000'),
(0, 2, 47, 'tw2152', '11.0000'),
(0, 2, 47, 'tw3054', '31.0000'),
(0, 2, 47, 'tw3060', '254.0000'),
(0, 2, 47, 'tw3175', '244.0000'),
(0, 2, 47, 'xp', '500'),
(0, 19, 48, 'ct', '153.4795'),
(0, 19, 48, 'c_apr', '139;192;477;917;1026;1126;1131;1230;1278'),
(0, 19, 48, 'c_emo', '5000;5007;5016;5030;5032;5028;5033;5027;5025'),
(0, 19, 48, 'c_eqp', '3179;3028;3157;2079;2084;2020;0;2065;2005;2153'),
(0, 19, 48, 'c_items', '2001;2002;2003;2004;2005;2016;2017;2018;2019;2020;2065;2075;2076;2077;2078;2079;2081;2082;2083;2084;2146;2147;2148;2149;2150;215'),
(0, 19, 48, 'c_kit', '1'),
(0, 19, 48, 'c_ltp', '8985.0000'),
(0, 19, 48, 'c_team', '2'),
(0, 19, 48, 'c_tut', '1'),
(0, 19, 48, 'c_wallet_hero', '0.0000'),
(0, 19, 48, 'c_wallet_valor', '59'),
(0, 19, 48, 'dfv5', '3.0000'),
(0, 19, 48, 'dfw3022', '2.0000'),
(0, 19, 48, 'dfw3051', '1.0000'),
(0, 19, 48, 'div5', '3.0000'),
(0, 19, 48, 'ds', '2.0000'),
(0, 19, 48, 'dstrv5', '2.0000'),
(0, 19, 48, 'dt', '3.0000'),
(0, 19, 48, 'dww3028', '2.0000'),
(0, 19, 48, 'dww3179', '1.0000'),
(0, 19, 48, 'elo', '992.0000'),
(0, 19, 48, 'fc_dt1', '3.0000'),
(0, 19, 48, 'fc_ki1', '2.0000'),
(0, 19, 48, 'fc_rs1', '643.0000'),
(0, 19, 48, 'fi', '137.0000'),
(0, 19, 48, 'ft_dt2', '3.0000'),
(0, 19, 48, 'ft_ki2', '2.0000'),
(0, 19, 48, 'ft_rs2', '643.0000'),
(0, 19, 48, 'hi', '37.0000'),
(0, 19, 48, 'hw2020', '4.0000'),
(0, 19, 48, 'hw3028', '7.0000'),
(0, 19, 48, 'hw3179', '26.0000'),
(0, 19, 48, 'ki', '2.0000'),
(0, 19, 48, 'kk0', '1.0000'),
(0, 19, 48, 'kk2', '1.0000'),
(0, 19, 48, 'kkb2', '3.0000'),
(0, 19, 48, 'ks', '1.0000'),
(0, 19, 48, 'kv5', '2.0000'),
(0, 19, 48, 'kvr5', '1.0000'),
(0, 19, 48, 'kw3179', '1.0000'),
(0, 19, 48, 'level', '30'),
(0, 19, 48, 'ppt', '111.0000'),
(0, 19, 48, 'prs', '257.0000'),
(0, 19, 48, 'rs', '643.0000'),
(0, 19, 48, 'sw2020', '4.0000'),
(0, 19, 48, 'sw2079', '1.0000'),
(0, 19, 48, 'sw3028', '13.0000'),
(0, 19, 48, 'sw3157', '5.0000'),
(0, 19, 48, 'sw3179', '114.0000'),
(0, 19, 48, 'tv5', '153.0000'),
(0, 19, 48, 'tw2020', '3.0000'),
(0, 19, 48, 'tw2079', '3.0000'),
(0, 19, 48, 'tw2084', '5.0000'),
(0, 19, 48, 'tw2153', '3.0000'),
(0, 19, 48, 'tw3028', '74.0000'),
(0, 19, 48, 'tw3157', '41.0000'),
(0, 19, 48, 'tw3179', '35.0000'),
(0, 19, 48, 'xp', '500'),
(0, 19, 49, 'c_apr', '136;178;484;591;592;990;991;1115;1128'),
(0, 19, 49, 'c_emo', '5000;5007;5016;5038;5031;5033;5028;5029;5023'),
(0, 19, 49, 'c_eqp', '3178;3119;3158;2079;2088;2025;2132;0;2005;2153'),
(0, 19, 49, 'c_items', '2001;2002;2003;2004;2005;2021;2022;2023;2024;2025;2075;2076;2077;2078;2079;2086;2087;2088;2131;2132;2146;2147;2148;2149;2150;215'),
(0, 19, 49, 'c_kit', '1'),
(0, 19, 49, 'c_ltp', '8985.0000'),
(0, 19, 49, 'c_team', '1'),
(0, 19, 49, 'c_tut', '1'),
(0, 19, 49, 'c_wallet_hero', '0.0000'),
(0, 19, 49, 'c_wallet_valor', '59'),
(0, 19, 49, 'elo', '1000'),
(0, 19, 49, 'level', '30'),
(0, 19, 49, 'xp', '500'),
(0, 19, 50, 'c_apr', '136;178;484;591;592;990;991;1115;1128'),
(0, 19, 50, 'c_emo', '5000;5007;5016;0;0;0;0;0;0'),
(0, 19, 50, 'c_eqp', '3048;3051;3171;2029;2064;2095;0;2036;2005;2153'),
(0, 19, 50, 'c_items', '2001;2002;2003;2004;2005;2026;2027;2028;2029;2036;2060;2061;2062;2063;2064;2091;2092;2093;2094;2095;2146;2147;2148;2149;2150;215'),
(0, 19, 50, 'c_kit', '2'),
(0, 19, 50, 'c_ltp', '8985.0000'),
(0, 19, 50, 'c_team', '1'),
(0, 19, 50, 'c_tut', '2.0000'),
(0, 19, 50, 'c_wallet_hero', '0.0000'),
(0, 19, 50, 'c_wallet_valor', '59'),
(0, 19, 50, 'elo', '1043.0000'),
(0, 19, 50, 'games', '1.0000'),
(0, 19, 50, 'level', '30'),
(0, 19, 50, 'ppt', '347.0000'),
(0, 19, 50, 'prs', '257.0000'),
(0, 19, 50, 'xp', '500'),
(0, 21, 51, 'c_apr', '40;359;484;497;505;507;1125;1256;1270'),
(0, 21, 51, 'c_emo', '5000;5007;5016;5032;5033;5026;5023;5017;5015'),
(0, 21, 51, 'c_eqp', '3048;3051;2026;3008;2064;2095;2051;2037;2153;2005'),
(0, 21, 51, 'c_items', '2001;2002;2003;2004;2005;2026;2036;2037;2050;2051;2060;2061;2062;2063;2064;2091;2092;2093;2094;2095;2146;2147;2148;2149;2150;215'),
(0, 21, 51, 'c_kit', '2'),
(0, 21, 51, 'c_ltp', '8985.0000'),
(0, 21, 51, 'c_team', '1'),
(0, 21, 51, 'c_tut', '1.0000'),
(0, 21, 51, 'c_wallet_hero', '0.0000'),
(0, 21, 51, 'c_wallet_valor', '59'),
(0, 21, 51, 'elo', '1000'),
(0, 21, 51, 'level', '30'),
(0, 21, 51, 'xp', '500'),
(0, 20, 52, 'c_apr', '4;935;936'),
(0, 20, 52, 'c_emo', '5000;5007;5016;0;0;0;0;0;0'),
(0, 20, 52, 'c_eqp', '3011;3009;2075;3156;0;0;0;0;0;0'),
(0, 20, 52, 'c_kit', '1'),
(0, 20, 52, 'c_team', '2'),
(0, 20, 52, 'c_tut', '1'),
(0, 20, 52, 'c_wallet_hero', '14'),
(0, 20, 52, 'c_wallet_valor', '59'),
(0, 20, 52, 'elo', '1000'),
(0, 20, 52, 'level', '30'),
(0, 20, 52, 'xp', '500'),
(0, 20, 53, 'c_apr', '4;36;444'),
(0, 20, 53, 'c_emo', '5000;5007;5016;0;0;0;0;0;0'),
(0, 20, 53, 'c_eqp', '3003;3009;2026;0;0;0;0;0;0;0'),
(0, 20, 53, 'c_kit', '2'),
(0, 20, 53, 'c_team', '2'),
(0, 20, 53, 'c_tut', '1'),
(0, 20, 53, 'c_wallet_hero', '14'),
(0, 20, 53, 'c_wallet_valor', '59'),
(0, 20, 53, 'elo', '1000'),
(0, 20, 53, 'level', '30'),
(0, 20, 53, 'xp', '500'),
(0, 18, 54, 'c_apr', '4;36;444'),
(0, 18, 54, 'c_emo', '5000;5007;5016;0;0;0;0;0;0'),
(0, 18, 54, 'c_eqp', '3003;3009;2026;0;0;0;0;0;0;0'),
(0, 18, 54, 'c_kit', '2'),
(0, 18, 54, 'c_ltp', '8985.0000'),
(0, 18, 54, 'c_team', '2'),
(0, 18, 54, 'c_tut', '1'),
(0, 18, 54, 'c_wallet_hero', '14'),
(0, 18, 54, 'c_wallet_valor', '59'),
(0, 18, 54, 'elo', '1000'),
(0, 18, 54, 'level', '30'),
(0, 18, 54, 'xp', '500'),
(0, 22, 55, 'c_apr', '4;36;444'),
(0, 22, 55, 'c_emo', '5000;5007;5016;0;0;0;0;0;0'),
(0, 22, 55, 'c_eqp', '3020;3127;2026;2059;2094;0;0;2152;0;0'),
(0, 22, 55, 'c_items', '2001;2002;2003;2004;2005;2026;2046;2047;2048;2049;2055;2056;2057;2058;2059;2091;2092;2093;2094;2146;2147;2148;2149;2150;2152;215'),
(0, 22, 55, 'c_kit', '2'),
(0, 22, 55, 'c_ltp', '8985.0000'),
(0, 22, 55, 'c_team', '2'),
(0, 22, 55, 'c_tut', '1'),
(0, 22, 55, 'c_wallet_hero', '0.0000'),
(0, 22, 55, 'c_wallet_valor', '59'),
(0, 22, 55, 'elo', '1000'),
(0, 22, 55, 'level', '30'),
(0, 22, 55, 'xp', '500'),
(0, 25, 57, 'c_apr', '138;143;477;1107;1109;1110;1113;1281;1316'),
(0, 25, 57, 'c_emo', '5007;5012;5014;5039;5024;5016;5017;5025;5027'),
(0, 25, 57, 'c_eqp', '3020;3038;2059;3160;2095;2049;2026;0;0;0'),
(0, 25, 57, 'c_items', '2001;2002;2003;2004;2005;2026;2046;2047;2048;2049;2055;2056;2057;2058;2059;2091;2092;2093;2094;2095;2146;2147;2148;2149;2150;215'),
(0, 25, 57, 'c_kit', '2'),
(0, 25, 57, 'c_ltp', '8985.0000'),
(0, 25, 57, 'c_team', '2'),
(0, 25, 57, 'c_tut', '1.0000'),
(0, 25, 57, 'c_wallet_hero', '0.0000'),
(0, 25, 57, 'c_wallet_valor', '59'),
(0, 25, 57, 'elo', '1000'),
(0, 25, 57, 'level', '30'),
(0, 25, 57, 'xp', '500'),
(0, 11, 58, 'cpc', '14.0000'),
(0, 11, 58, 'cpd', '2.0000'),
(0, 11, 58, 'ct', '8062.5425'),
(0, 11, 58, 'c_apr', '1126;1127;1264'),
(0, 11, 58, 'c_emo', '5000;5007;5016;5039;5036;5005;5033;5009;5001'),
(0, 11, 58, 'c_eqp', '3027;3084;2150;0;2116;2005;2100;2044;2140;2153'),
(0, 11, 58, 'c_items', '2001;2002;2003;2004;2005;2041;2042;2043;2044;2096;2097;2098;2099;2100;2116;2136;2137;2138;2139;2140;2146;2147;2148;2149;2150;215'),
(0, 11, 58, 'c_kit', '0'),
(0, 11, 58, 'c_ltp', '8985.0000'),
(0, 11, 58, 'c_team', '2'),
(0, 11, 58, 'c_tut', '1'),
(0, 11, 58, 'c_wallet_hero', '0.0000'),
(0, 11, 58, 'c_wallet_valor', '59'),
(0, 11, 58, 'dfv5', '10.0000'),
(0, 11, 58, 'dfw3048', '1.0000'),
(0, 11, 58, 'dfw3050', '3.0000'),
(0, 11, 58, 'dfw3051', '1.0000'),
(0, 11, 58, 'dfw3093', '2.0000'),
(0, 11, 58, 'dfw3103', '1.0000'),
(0, 11, 58, 'dfw3137', '1.0000'),
(0, 11, 58, 'div5', '9.0000'),
(0, 11, 58, 'ds', '2.0000'),
(0, 11, 58, 'dstrv5', '66.0000'),
(0, 11, 58, 'dt', '10.0000'),
(0, 11, 58, 'dww2005', '2.0000'),
(0, 11, 58, 'dww2044', '1.0000'),
(0, 11, 58, 'dww2116', '1.0000'),
(0, 11, 58, 'dww2140', '1.0000'),
(0, 11, 58, 'dww2153', '2.0000'),
(0, 11, 58, 'dww3084', '2.0000'),
(0, 11, 58, 'dww3186', '1.0000'),
(0, 11, 58, 'elo', '1223.0000'),
(0, 11, 58, 'fc_dt0', '10.0000'),
(0, 11, 58, 'fc_ki0', '66.0000'),
(0, 11, 58, 'fc_los0', '8.0000'),
(0, 11, 58, 'fc_rs0', '15904.0000'),
(0, 11, 58, 'fc_win0', '4.0000'),
(0, 11, 58, 'fi', '160.0000'),
(0, 11, 58, 'ft_dt2', '10.0000'),
(0, 11, 58, 'ft_ki2', '66.0000'),
(0, 11, 58, 'ft_los2', '8.0000'),
(0, 11, 58, 'ft_rs2', '15904.0000'),
(0, 11, 58, 'ft_win2', '4.0000'),
(0, 11, 58, 'games', '11.0000'),
(0, 11, 58, 'hi', '27.0000'),
(0, 11, 58, 'hw3027', '12.0000'),
(0, 11, 58, 'hw3084', '15.0000'),
(0, 11, 58, 'ige18', '1.0000'),
(0, 11, 58, 'ige19', '26.0000'),
(0, 11, 58, 'ige22', '2.0000'),
(0, 11, 58, 'ige3', '1.0000'),
(0, 11, 58, 'ka', '15.0000'),
(0, 11, 58, 'ki', '66.0000'),
(0, 11, 58, 'kk0', '16.0000'),
(0, 11, 58, 'kk1', '23.0000'),
(0, 11, 58, 'kk2', '27.0000'),
(0, 11, 58, 'kkb0', '3.0000'),
(0, 11, 58, 'kkb1', '1.0000'),
(0, 11, 58, 'kkb2', '6.0000'),
(0, 11, 58, 'ks', '26.0000'),
(0, 11, 58, 'kv5', '66.0000'),
(0, 11, 58, 'kw2109', '2.0000'),
(0, 11, 58, 'kw3027', '7.0000'),
(0, 11, 58, 'kw3084', '47.0000'),
(0, 11, 58, 'kw3181', '1.0000'),
(0, 11, 58, 'kw3186', '9.0000'),
(0, 11, 58, 'level', '30'),
(0, 11, 58, 'los', '8.0000'),
(0, 11, 58, 'm_ct0', '773.0919'),
(0, 11, 58, 'm_ct11', '2150.8112'),
(0, 11, 58, 'm_ct5', '1666.6244'),
(0, 11, 58, 'm_ct9', '1252.4243'),
(0, 11, 58, 'm_los0', '2.0000'),
(0, 11, 58, 'm_los11', '2.0000'),
(0, 11, 58, 'm_los5', '3.0000'),
(0, 11, 58, 'm_los9', '1.0000'),
(0, 11, 58, 'm_win11', '2.0000'),
(0, 11, 58, 'm_win9', '2.0000'),
(0, 11, 58, 'ppt', '977.0000'),
(0, 11, 58, 'prs', '257.0000'),
(0, 11, 58, 'rc', '3.0000'),
(0, 11, 58, 'rs', '15904.0000'),
(0, 11, 58, 'sw2044', '1.0000'),
(0, 11, 58, 'sw2100', '1.0000'),
(0, 11, 58, 'sw2109', '5.0000'),
(0, 11, 58, 'sw2116', '2.0000'),
(0, 11, 58, 'sw2140', '1.0000'),
(0, 11, 58, 'sw3027', '72.0000'),
(0, 11, 58, 'sw3084', '78.0000'),
(0, 11, 58, 'tv0', '8.0000'),
(0, 11, 58, 'tv5', '8061.0000'),
(0, 11, 58, 'tw2005', '65.0000'),
(0, 11, 58, 'tw2044', '207.0000'),
(0, 11, 58, 'tw2045', '87.0000'),
(0, 11, 58, 'tw2100', '398.0000'),
(0, 11, 58, 'tw2109', '19.0000'),
(0, 11, 58, 'tw2116', '183.0000'),
(0, 11, 58, 'tw2140', '1204.0000'),
(0, 11, 58, 'tw2153', '47.0000'),
(0, 11, 58, 'tw3027', '1124.0000'),
(0, 11, 58, 'tw3084', '1878.0000'),
(0, 11, 58, 'tw3181', '203.0000'),
(0, 11, 58, 'tw3186', '887.0000'),
(0, 11, 58, 'win', '4.0000'),
(0, 11, 58, 'xp', '500'),
(0, 9, 59, 'cpc', '2.0000'),
(0, 9, 59, 'ct', '1130.1572'),
(0, 9, 59, 'c_apr', '38;101;424;1002;1106;1242;1315'),
(0, 9, 59, 'c_emo', '5000;5007;5016;5032;5033;5041;5009;5015;5008'),
(0, 9, 59, 'c_eqp', '3092;3144;2140;2100;2116;2043;2106;0;2153;2005'),
(0, 9, 59, 'c_items', ''),
(0, 9, 59, 'c_kit', '0'),
(0, 9, 59, 'c_ltp', '8985.0000'),
(0, 9, 59, 'c_team', '2'),
(0, 9, 59, 'c_tut', '1'),
(0, 9, 59, 'c_wallet_hero', '14'),
(0, 9, 59, 'c_wallet_valor', '59'),
(0, 9, 59, 'dfv5', '2.0000'),
(0, 9, 59, 'dfw3037', '1.0000'),
(0, 9, 59, 'dfw3093', '1.0000'),
(0, 9, 59, 'div5', '2.0000'),
(0, 9, 59, 'ds', '1.0000'),
(0, 9, 59, 'dstrv5', '12.0000'),
(0, 9, 59, 'dt', '2.0000'),
(0, 9, 59, 'dww2100', '1.0000'),
(0, 9, 59, 'dww2140', '1.0000'),
(0, 9, 59, 'elo', '1074.0000'),
(0, 9, 59, 'fc_dt0', '2.0000'),
(0, 9, 59, 'fc_ki0', '12.0000'),
(0, 9, 59, 'fc_los0', '1.0000'),
(0, 9, 59, 'fc_rs0', '2270.0000'),
(0, 9, 59, 'fc_win0', '1.0000'),
(0, 9, 59, 'fi', '152.0000'),
(0, 9, 59, 'ft_dt2', '2.0000'),
(0, 9, 59, 'ft_ki2', '12.0000'),
(0, 9, 59, 'ft_los2', '1.0000'),
(0, 9, 59, 'ft_rs2', '2270.0000'),
(0, 9, 59, 'ft_win2', '1.0000'),
(0, 9, 59, 'games', '2.0000'),
(0, 9, 59, 'hi', '53.0000'),
(0, 9, 59, 'hw2106', '3.0000'),
(0, 9, 59, 'hw3092', '45.0000'),
(0, 9, 59, 'hw3144', '5.0000'),
(0, 9, 59, 'ige19', '6.0000'),
(0, 9, 59, 'ige23', '1.0000'),
(0, 9, 59, 'ka', '4.0000'),
(0, 9, 59, 'ki', '12.0000'),
(0, 9, 59, 'kk1', '10.0000'),
(0, 9, 59, 'kk2', '2.0000'),
(0, 9, 59, 'kkb0', '1.0000'),
(0, 9, 59, 'kkb1', '1.0000'),
(0, 9, 59, 'ks', '11.0000'),
(0, 9, 59, 'kv5', '12.0000'),
(0, 9, 59, 'kw3092', '12.0000'),
(0, 9, 59, 'level', '30'),
(0, 9, 59, 'los', '1.0000'),
(0, 9, 59, 'm_ct0', '315.2707'),
(0, 9, 59, 'm_los0', '1.0000'),
(0, 9, 59, 'm_win5', '1.0000'),
(0, 9, 59, 'ppt', '130.0000'),
(0, 9, 59, 'prs', '257.0000'),
(0, 9, 59, 'rs', '2270.0000'),
(0, 9, 59, 'sw2043', '1.0000'),
(0, 9, 59, 'sw2100', '1.0000'),
(0, 9, 59, 'sw2106', '22.0000'),
(0, 9, 59, 'sw2116', '1.0000'),
(0, 9, 59, 'sw2140', '1.0000'),
(0, 9, 59, 'sw3092', '93.0000'),
(0, 9, 59, 'sw3144', '33.0000'),
(0, 9, 59, 'tv0', '17.0000'),
(0, 9, 59, 'tv3', '7.0000'),
(0, 9, 59, 'tv5', '1129.0000'),
(0, 9, 59, 'tw2005', '46.0000'),
(0, 9, 59, 'tw2043', '17.0000'),
(0, 9, 59, 'tw2100', '58.0000'),
(0, 9, 59, 'tw2106', '7.0000'),
(0, 9, 59, 'tw2116', '25.0000'),
(0, 9, 59, 'tw2140', '194.0000'),
(0, 9, 59, 'tw2153', '6.0000'),
(0, 9, 59, 'tw3092', '481.0000'),
(0, 9, 59, 'tw3144', '50.0000'),
(0, 9, 59, 'win', '1.0000'),
(0, 9, 59, 'xp', '500'),
(0, 26, 60, 'cpc', '8.0000'),
(0, 26, 60, 'cpd', '1.0000'),
(0, 26, 60, 'ct', '4531.6420'),
(0, 26, 60, 'c_apr', '215;362;407;409;475;1128;1220;1239;1295;1323'),
(0, 26, 60, 'c_emo', '5000;5007;5016;5013;5026;5015;5006;5005;5001'),
(0, 26, 60, 'c_eqp', '3041;3137;2079;2025;0;3158;0;0;0;0'),
(0, 26, 60, 'c_items', '2001;2002;2003;2004;2005;2021;2022;2023;2024;2025;2075;2076;2077;2078;2079;2086;2087;2088;2089;2090;2146;2147;2148;2149;2150;215'),
(0, 26, 60, 'c_kit', '1'),
(0, 26, 60, 'c_ltp', '8985.0000'),
(0, 26, 60, 'c_team', '1'),
(0, 26, 60, 'c_tut', '1'),
(0, 26, 60, 'c_wallet_hero', '0.0000'),
(0, 26, 60, 'c_wallet_valor', '59'),
(0, 26, 60, 'dfv5', '75.0000'),
(0, 26, 60, 'dfw2049', '1.0000'),
(0, 26, 60, 'dfw2065', '1.0000'),
(0, 26, 60, 'dfw2069', '1.0000'),
(0, 26, 60, 'dfw2081', '1.0000'),
(0, 26, 60, 'dfw2083', '1.0000'),
(0, 26, 60, 'dfw2084', '2.0000'),
(0, 26, 60, 'dfw2109', '1.0000'),
(0, 26, 60, 'dfw2152', '1.0000'),
(0, 26, 60, 'dfw3015', '1.0000'),
(0, 26, 60, 'dfw3020', '5.0000'),
(0, 26, 60, 'dfw3027', '5.0000'),
(0, 26, 60, 'dfw3036', '4.0000'),
(0, 26, 60, 'dfw3038', '9.0000'),
(0, 26, 60, 'dfw3053', '7.0000'),
(0, 26, 60, 'dfw3062', '1.0000'),
(0, 26, 60, 'dfw3064', '1.0000'),
(0, 26, 60, 'dfw3094', '8.0000'),
(0, 26, 60, 'dfw3111', '3.0000'),
(0, 26, 60, 'dfw3150', '5.0000'),
(0, 26, 60, 'dfw3157', '2.0000'),
(0, 26, 60, 'dfw3160', '2.0000'),
(0, 26, 60, 'dfw3164', '2.0000'),
(0, 26, 60, 'dfw3177', '1.0000'),
(0, 26, 60, 'dfw3179', '2.0000'),
(0, 26, 60, 'dfw3181', '1.0000'),
(0, 26, 60, 'dfw3186', '1.0000'),
(0, 26, 60, 'dfw3193', '1.0000'),
(0, 26, 60, 'div2', '1.0000'),
(0, 26, 60, 'div5', '77.0000'),
(0, 26, 60, 'ds', '10.0000'),
(0, 26, 60, 'dstrv5', '34.0000'),
(0, 26, 60, 'dt', '78.0000'),
(0, 26, 60, 'dww2025', '11.0000'),
(0, 26, 60, 'dww2079', '12.0000'),
(0, 26, 60, 'dww3041', '30.0000'),
(0, 26, 60, 'dww3137', '13.0000'),
(0, 26, 60, 'dww3158', '6.0000'),
(0, 26, 60, 'dww3190', '5.0000'),
(0, 26, 60, 'elo', '860.0000'),
(0, 26, 60, 'fc_dt1', '78.0000'),
(0, 26, 60, 'fc_ki1', '35.0000'),
(0, 26, 60, 'fc_los1', '5.0000'),
(0, 26, 60, 'fc_rs1', '13883.0000'),
(0, 26, 60, 'fc_win1', '2.0000'),
(0, 26, 60, 'fi', '1475.0000'),
(0, 26, 60, 'ft_dt1', '78.0000'),
(0, 26, 60, 'ft_ki1', '35.0000'),
(0, 26, 60, 'ft_los1', '5.0000'),
(0, 26, 60, 'ft_rs1', '13883.0000'),
(0, 26, 60, 'ft_win1', '2.0000'),
(0, 26, 60, 'games', '6.0000'),
(0, 26, 60, 'hi', '194.0000'),
(0, 26, 60, 'hw2025', '24.0000'),
(0, 26, 60, 'hw3041', '61.0000'),
(0, 26, 60, 'hw3137', '49.0000'),
(0, 26, 60, 'hw3158', '13.0000'),
(0, 26, 60, 'hw3190', '47.0000'),
(0, 26, 60, 'ige12', '2.0000'),
(0, 26, 60, 'ige18', '1.0000'),
(0, 26, 60, 'ka', '27.0000'),
(0, 26, 60, 'ki', '35.0000'),
(0, 26, 60, 'kk0', '2.0000'),
(0, 26, 60, 'kk1', '18.0000'),
(0, 26, 60, 'kk2', '15.0000'),
(0, 26, 60, 'kkb0', '3.0000'),
(0, 26, 60, 'kkb1', '34.0000'),
(0, 26, 60, 'kkb2', '39.0000'),
(0, 26, 60, 'ks', '3.0000'),
(0, 26, 60, 'kv0', '2.0000'),
(0, 26, 60, 'kv5', '33.0000'),
(0, 26, 60, 'kvr0', '2.0000'),
(0, 26, 60, 'kvr5', '8.0000'),
(0, 26, 60, 'kw2090', '2.0000'),
(0, 26, 60, 'kw3041', '13.0000'),
(0, 26, 60, 'kw3137', '7.0000'),
(0, 26, 60, 'kw3158', '2.0000'),
(0, 26, 60, 'level', '30'),
(0, 26, 60, 'los', '5.0000'),
(0, 26, 60, 'm_ct11', '2023.5203'),
(0, 26, 60, 'm_ct5', '986.9220'),
(0, 26, 60, 'm_los11', '3.0000'),
(0, 26, 60, 'm_los5', '2.0000'),
(0, 26, 60, 'm_win5', '2.0000'),
(0, 26, 60, 'ppt', '1483.0000'),
(0, 26, 60, 'prs', '257.0000'),
(0, 26, 60, 'rs', '13883.0000'),
(0, 26, 60, 'su', '1.0000'),
(0, 26, 60, 'sw2025', '32.0000'),
(0, 26, 60, 'sw2079', '3.0000'),
(0, 26, 60, 'sw3041', '525.0000'),
(0, 26, 60, 'sw3137', '355.0000'),
(0, 26, 60, 'sw3158', '53.0000'),
(0, 26, 60, 'sw3190', '495.0000'),
(0, 26, 60, 'tv0', '238.0000'),
(0, 26, 60, 'tv2', '81.0000'),
(0, 26, 60, 'tv3', '19.0000'),
(0, 26, 60, 'tv5', '4530.0000'),
(0, 26, 60, 'tw2025', '189.0000'),
(0, 26, 60, 'tw2079', '176.0000'),
(0, 26, 60, 'tw2090', '66.0000'),
(0, 26, 60, 'tw3041', '1744.0000'),
(0, 26, 60, 'tw3137', '1437.0000'),
(0, 26, 60, 'tw3158', '320.0000'),
(0, 26, 60, 'tw3190', '264.0000'),
(0, 26, 60, 'win', '2.0000'),
(0, 26, 60, 'xp', '500'),
(0, 2, 62, 'c_apr', '4;935;936'),
(0, 2, 62, 'c_emo', '5000;5007;5016;0;0;0;0;0;0'),
(0, 2, 62, 'c_eqp', '3011;3009;2075;3156;0;0;0;0;0;0'),
(0, 2, 62, 'c_kit', '1'),
(0, 2, 62, 'c_team', '2'),
(0, 2, 62, 'c_tut', '1'),
(0, 2, 62, 'c_wallet_hero', '14'),
(0, 2, 62, 'c_wallet_valor', '59'),
(0, 2, 62, 'elo', '1000'),
(0, 2, 62, 'level', '30'),
(0, 2, 62, 'xp', '500'),
(0, 27, 63, 'c_apr', '9;10;73'),
(0, 27, 63, 'c_emo', '0'),
(0, 27, 63, 'c_eqp', '0'),
(0, 27, 63, 'c_items', '2001;2002;2003;2004;2005;2026;2027;2036;2050;2051;2052;2053;2060;2061;2062;2063;2091;2092;2093;2094;2095;2146;2147;2148;2149;215'),
(0, 27, 63, 'c_kit', '2'),
(0, 27, 63, 'c_ltp', '8985.0000'),
(0, 27, 63, 'c_team', '1'),
(0, 27, 63, 'c_wallet_hero', '0.0000'),
(0, 27, 63, 'c_wallet_valor', '59'),
(0, 27, 63, 'elo', '1000'),
(0, 27, 63, 'level', '30'),
(0, 27, 63, 'xp', '0'),
(0, 27, 66, 'c_apr', '4;36;444'),
(0, 27, 66, 'c_emo', '0'),
(0, 27, 66, 'c_eqp', '0'),
(0, 27, 66, 'c_kit', '2'),
(0, 27, 66, 'c_team', '2'),
(0, 27, 66, 'c_wallet_hero', '15'),
(0, 27, 66, 'c_wallet_valor', '59'),
(0, 27, 66, 'elo', '1000'),
(0, 27, 66, 'level', '30'),
(0, 27, 66, 'xp', '0'),
(0, 27, 67, 'c_apr', '9;10;73'),
(0, 27, 67, 'c_emo', '5038;5037;5007;5013;5029;5034;5010;5008;5035'),
(0, 27, 67, 'c_eqp', '3035;3045;2026;2036;2095;3008;2153;2005;2053;2064'),
(0, 27, 67, 'c_items', '2001;2002;2003;2004;2005;2026;2036;2050;2051;2052;2053;2060;2061;2062;2063;2064;2091;2092;2093;2094;2095;2146;2147;2148;2149;215'),
(0, 27, 67, 'c_kit', '2'),
(0, 27, 67, 'c_ltp', '8985.0000'),
(0, 27, 67, 'c_team', '1'),
(0, 27, 67, 'c_wallet_hero', '0.0000'),
(0, 27, 67, 'c_wallet_valor', '59'),
(0, 27, 67, 'elo', '1000'),
(0, 27, 67, 'level', '30'),
(0, 27, 67, 'xp', '0'),
(0, 22, 68, 'c_apr', '4;935;936'),
(0, 22, 68, 'c_emo', '5000;5007;5016;5006;5005;5027;5009;5012;5008'),
(0, 22, 68, 'c_eqp', '3011;3027;2079;3156;0;2020;0;0;0;0'),
(0, 22, 68, 'c_items', '2001;2002;2003;2004;2005;2016;2017;2018;2019;2020;2075;2076;2077;2078;2079;2146;2147;2148;2149;2150;2153;2156'),
(0, 22, 68, 'c_kit', '1'),
(0, 22, 68, 'c_ltp', '8985.0000'),
(0, 22, 68, 'c_team', '2'),
(0, 22, 68, 'c_tut', '1'),
(0, 22, 68, 'c_wallet_hero', '5.0000'),
(0, 22, 68, 'c_wallet_valor', '59'),
(0, 22, 68, 'elo', '1000'),
(0, 22, 68, 'level', '30'),
(0, 22, 68, 'xp', '500'),
(0, 26, 70, 'c_apr', '273;518;580;1126;1243;1246;1249;1263'),
(0, 26, 70, 'c_emo', '5000;5007;5016;5041;5024;5030;5025;5012;5028'),
(0, 26, 70, 'c_eqp', '3150;3177;3175;2026;2092;2047;0;0;0;0'),
(0, 26, 70, 'c_items', '2001;2002;2003;2004;2005;2026;2046;2047;2091;2092;2146;2147;2148;2149;2150;2153;2156'),
(0, 26, 70, 'c_kit', '2'),
(0, 26, 70, 'c_ltp', '8985.0000'),
(0, 26, 70, 'c_team', '2'),
(0, 26, 70, 'c_tut', '1.0000'),
(0, 26, 70, 'c_wallet_hero', '10.0000'),
(0, 26, 70, 'c_wallet_valor', '59'),
(0, 26, 70, 'elo', '1000'),
(0, 26, 70, 'level', '30'),
(0, 26, 70, 'xp', '500'),
(0, 28, 71, 'cpc', '1.0000'),
(0, 28, 71, 'ct', '1142.5641'),
(0, 28, 71, 'c_apr', '265;477;917;1005;1080;1325;1329'),
(0, 28, 71, 'c_emo', '0'),
(0, 28, 71, 'c_eqp', '3112;3027;2079;2020;0;2126;2085;2153;3157;0'),
(0, 28, 71, 'c_items', '2001;2002;2003;2004;2005;2016;2017;2018;2019;2020;2075;2076;2077;2078;2079;2081;2082;2083;2084;2085;2126;2146;2147;2148;2149;215'),
(0, 28, 71, 'c_kit', '1'),
(0, 28, 71, 'c_ltp', '8985.0000'),
(0, 28, 71, 'c_team', '2'),
(0, 28, 71, 'c_wallet_hero', '0.0000'),
(0, 28, 71, 'c_wallet_valor', '59'),
(0, 28, 71, 'dfv2', '2.0000'),
(0, 28, 71, 'dfv5', '21.0000'),
(0, 28, 71, 'dfw2053', '1.0000'),
(0, 28, 71, 'dfw3022', '4.0000'),
(0, 28, 71, 'dfw3050', '2.0000'),
(0, 28, 71, 'dfw3051', '4.0000'),
(0, 28, 71, 'dfw3093', '6.0000'),
(0, 28, 71, 'dfw3137', '1.0000'),
(0, 28, 71, 'dfw3184', '3.0000'),
(0, 28, 71, 'div0', '1.0000'),
(0, 28, 71, 'div1', '1.0000'),
(0, 28, 71, 'div5', '21.0000'),
(0, 28, 71, 'ds', '3.0000'),
(0, 28, 71, 'dstrv5', '13.0000'),
(0, 28, 71, 'dt', '23.0000'),
(0, 28, 71, 'dww2020', '1.0000'),
(0, 28, 71, 'dww2079', '2.0000'),
(0, 28, 71, 'dww2085', '3.0000'),
(0, 28, 71, 'dww2153', '4.0000'),
(0, 28, 71, 'dww3027', '7.0000'),
(0, 28, 71, 'dww3112', '4.0000'),
(0, 28, 71, 'elo', '961.0000'),
(0, 28, 71, 'fc_dt1', '23.0000'),
(0, 28, 71, 'fc_ki1', '13.0000'),
(0, 28, 71, 'fc_los1', '1.0000'),
(0, 28, 71, 'fc_rs1', '4107.0000'),
(0, 28, 71, 'fi', '1313.0000'),
(0, 28, 71, 'ft_dt2', '23.0000'),
(0, 28, 71, 'ft_ki2', '13.0000'),
(0, 28, 71, 'ft_los2', '1.0000'),
(0, 28, 71, 'ft_rs2', '4107.0000'),
(0, 28, 71, 'hi', '280.0000'),
(0, 28, 71, 'hw2020', '10.0000'),
(0, 28, 71, 'hw3027', '68.0000'),
(0, 28, 71, 'hw3112', '194.0000'),
(0, 28, 71, 'hw3157', '4.0000'),
(0, 28, 71, 'ige12', '1.0000'),
(0, 28, 71, 'ka', '13.0000'),
(0, 28, 71, 'ki', '13.0000'),
(0, 28, 71, 'kk0', '3.0000'),
(0, 28, 71, 'kk2', '10.0000'),
(0, 28, 71, 'kkb0', '10.0000'),
(0, 28, 71, 'kkb2', '13.0000'),
(0, 28, 71, 'ks', '2.0000'),
(0, 28, 71, 'kv0', '1.0000'),
(0, 28, 71, 'kv5', '12.0000'),
(0, 28, 71, 'kvr0', '1.0000'),
(0, 28, 71, 'kvr5', '2.0000'),
(0, 28, 71, 'kw2085', '1.0000'),
(0, 28, 71, 'kw3027', '3.0000'),
(0, 28, 71, 'kw3112', '6.0000'),
(0, 28, 71, 'level', '30'),
(0, 28, 71, 'los', '1.0000'),
(0, 28, 71, 'm_ct11', '1019.1422'),
(0, 28, 71, 'm_los11', '1.0000'),
(0, 28, 71, 'ppt', '498.0000'),
(0, 28, 71, 'prs', '257.0000'),
(0, 28, 71, 'rs', '4107.0000'),
(0, 28, 71, 'sw2020', '11.0000'),
(0, 28, 71, 'sw2079', '2.0000'),
(0, 28, 71, 'sw2126', '2.0000'),
(0, 28, 71, 'sw3027', '294.0000'),
(0, 28, 71, 'sw3112', '931.0000'),
(0, 28, 71, 'sw3157', '21.0000'),
(0, 28, 71, 'tv0', '63.0000'),
(0, 28, 71, 'tv1', '63.0000'),
(0, 28, 71, 'tv3', '1.0000'),
(0, 28, 71, 'tv5', '1142.0000'),
(0, 28, 71, 'tw2020', '15.0000'),
(0, 28, 71, 'tw2079', '34.0000'),
(0, 28, 71, 'tw2085', '121.0000'),
(0, 28, 71, 'tw2126', '51.0000'),
(0, 28, 71, 'tw2153', '17.0000'),
(0, 28, 71, 'tw3027', '378.0000'),
(0, 28, 71, 'tw3112', '291.0000'),
(0, 28, 71, 'tw3157', '53.0000'),
(0, 28, 71, 'xp', '0'),
(0, 5, 72, 'c_apr', '10;979;981'),
(0, 5, 72, 'c_emo', '5000;5007;5016;0;0;0;0;0;0'),
(0, 5, 72, 'c_eqp', '3014;3002;2141;3155;0;0;0;0;0;0'),
(0, 5, 72, 'c_kit', '0'),
(0, 5, 72, 'c_team', '1'),
(0, 5, 72, 'c_tut', '1'),
(0, 5, 72, 'c_wallet_hero', '14'),
(0, 5, 72, 'c_wallet_valor', '59'),
(0, 5, 72, 'elo', '1000'),
(0, 5, 72, 'level', '30'),
(0, 5, 72, 'xp', '500'),
(0, 14, 73, 'c_apr', '1132;1133;1242;1243;1263;1277;1299;1302;1304'),
(0, 14, 73, 'c_emo', '5000;5007;5016;5041;5035;5034;5032;5024;5025'),
(0, 14, 73, 'c_eqp', '3020;3127;3160;0;0;0;2150;2030;2095;2059'),
(0, 14, 73, 'c_items', '2001;2002;2003;2004;2005;2026;2027;2028;2029;2030;2055;2056;2057;2058;2059;2091;2092;2093;2094;2095;2146;2147;2148;2149;2150;215'),
(0, 14, 73, 'c_kit', '2'),
(0, 14, 73, 'c_ltp', '8985.0000'),
(0, 14, 73, 'c_team', '2'),
(0, 14, 73, 'c_tut', '1.0000'),
(0, 14, 73, 'c_wallet_hero', '0.0000'),
(0, 14, 73, 'c_wallet_valor', '59'),
(0, 14, 73, 'elo', '971.0000'),
(0, 14, 73, 'games', '1.0000'),
(0, 14, 73, 'level', '30'),
(0, 14, 73, 'ppt', '77.0000'),
(0, 14, 73, 'prs', '257.0000'),
(0, 14, 73, 'xp', '500'),
(0, 30, 74, 'c_apr', '10;979;981'),
(0, 30, 74, 'c_emo', '5000;5007;5016;0;0;0;0;0;0'),
(0, 30, 74, 'c_eqp', '3014;3002;2141;3155;0;0;0;0;0;0'),
(0, 30, 74, 'c_kit', '0'),
(0, 30, 74, 'c_ltp', '8985.0000'),
(0, 30, 74, 'c_team', '1'),
(0, 30, 74, 'c_tut', '1'),
(0, 30, 74, 'c_wallet_hero', '14'),
(0, 30, 74, 'c_wallet_valor', '59'),
(0, 30, 74, 'elo', '1000'),
(0, 30, 74, 'level', '30'),
(0, 30, 74, 'xp', '500'),
(0, 30, 75, 'c_apr', '10;979;981'),
(0, 30, 75, 'c_emo', '5000;5007;5016;0;0;0;0;0;0'),
(0, 30, 75, 'c_eqp', '3014;3002;2141;3155;0;0;0;0;0;0'),
(0, 30, 75, 'c_kit', '0'),
(0, 30, 75, 'c_team', '1'),
(0, 30, 75, 'c_tut', '1'),
(0, 30, 75, 'c_wallet_hero', '14'),
(0, 30, 75, 'c_wallet_valor', '59'),
(0, 30, 75, 'elo', '1000'),
(0, 30, 75, 'level', '30'),
(0, 30, 75, 'xp', '500'),
(0, 30, 76, 'c_apr', '10;978;980'),
(0, 30, 76, 'c_emo', '5000;5007;5016;0;0;0;0;0;0'),
(0, 30, 76, 'c_eqp', '3012;0;2075;3155;0;0;0;0;0;0'),
(0, 30, 76, 'c_kit', '1'),
(0, 30, 76, 'c_ltp', '8985.0000'),
(0, 30, 76, 'c_team', '1'),
(0, 30, 76, 'c_tut', '1.0000'),
(0, 30, 76, 'c_wallet_hero', '14'),
(0, 30, 76, 'c_wallet_valor', '59'),
(0, 30, 76, 'elo', '1000'),
(0, 30, 76, 'level', '30'),
(0, 30, 76, 'xp', '500'),
(0, 30, 77, 'ct', '105.7488'),
(0, 30, 77, 'c_apr', '36'),
(0, 30, 77, 'c_emo', '0;5007;5016;5000;0;0;0;0;0'),
(0, 30, 77, 'c_eqp', '3003;3009;0;0;0;0;0;2026;0;2005'),
(0, 30, 77, 'c_items', '2001;2002;2003;2004;2005;2026;2031;2032;2046;2047;2055;2056;2057;2058;2059;2091;2092;2093;2094;2095;2146;2147;2148;2149;2150;215'),
(0, 30, 77, 'c_kit', '2'),
(0, 30, 77, 'c_ltp', '8985.0000'),
(0, 30, 77, 'c_team', '2'),
(0, 30, 77, 'c_tut', '1'),
(0, 30, 77, 'c_wallet_hero', '0.0000'),
(0, 30, 77, 'c_wallet_valor', '59'),
(0, 30, 77, 'dfv5', '1.0000'),
(0, 30, 77, 'dfw3154', '1.0000'),
(0, 30, 77, 'div5', '1.0000'),
(0, 30, 77, 'ds', '1.0000'),
(0, 30, 77, 'dt', '1.0000'),
(0, 30, 77, 'dww3028', '1.0000'),
(0, 30, 77, 'elo', '915.0000'),
(0, 30, 77, 'fc_dt2', '1.0000'),
(0, 30, 77, 'fc_los2', '1.0000'),
(0, 30, 77, 'fc_rs2', '12.0000'),
(0, 30, 77, 'ft_dt2', '1.0000'),
(0, 30, 77, 'ft_los2', '1.0000'),
(0, 30, 77, 'ft_rs2', '12.0000'),
(0, 30, 77, 'games', '2.0000'),
(0, 30, 77, 'kkb0', '1.0000'),
(0, 30, 77, 'ks', '0.0000'),
(0, 30, 77, 'level', '30'),
(0, 30, 77, 'los', '1.0000'),
(0, 30, 77, 'm_ct0', '75.4771'),
(0, 30, 77, 'm_los11', '1.0000'),
(0, 30, 77, 'ppt', '123.0000'),
(0, 30, 77, 'prs', '257.0000'),
(0, 30, 77, 'rs', '12.0000'),
(0, 30, 77, 'tv5', '105.0000'),
(0, 30, 77, 'tw3007', '4.0000'),
(0, 30, 77, 'tw3028', '32.0000'),
(0, 30, 77, 'tw3036', '73.0000'),
(0, 30, 77, 'xp', '500'),
(0, 30, 78, 'c_apr', '4;935;936'),
(0, 30, 78, 'c_emo', '5000;5007;5016;0;0;0;0;0;0'),
(0, 30, 78, 'c_eqp', '3011;3009;2075;3156;0;0;0;0;0;0'),
(0, 30, 78, 'c_kit', '1'),
(0, 30, 78, 'c_team', '2'),
(0, 30, 78, 'c_tut', '1'),
(0, 30, 78, 'c_wallet_hero', '14'),
(0, 30, 78, 'c_wallet_valor', '59'),
(0, 30, 78, 'elo', '1000'),
(0, 30, 78, 'level', '30'),
(0, 30, 78, 'xp', '500'),
(0, 4, 79, 'c_apr', '10;978;980'),
(0, 4, 79, 'c_emo', '5000;5007;5016;0;0;0;0;0;0'),
(0, 4, 79, 'c_eqp', '3012;3081;2075;3155;0;0;0;0;0;0'),
(0, 4, 79, 'c_kit', '1'),
(0, 4, 79, 'c_ltp', '8985.0000'),
(0, 4, 79, 'c_team', '1'),
(0, 4, 79, 'c_tut', '1'),
(0, 4, 79, 'c_wallet_hero', '14'),
(0, 4, 79, 'c_wallet_valor', '59'),
(0, 4, 79, 'elo', '1000'),
(0, 4, 79, 'level', '30'),
(0, 4, 79, 'xp', '500'),
(0, 4, 81, 'c_apr', '9;10;73'),
(0, 4, 81, 'c_emo', '5000;5007;5016;0;0;0;0;0;0'),
(0, 4, 81, 'c_eqp', '3004;3010;2026;0;0;0;0;0;0;0'),
(0, 4, 81, 'c_items', '2001;2002;2003;2004;2005;2026;2027;2028;2029;2030;2146;2147;2148;2149;2150;2153;2157'),
(0, 4, 81, 'c_kit', '2'),
(0, 4, 81, 'c_team', '1'),
(0, 4, 81, 'c_tut', '1.0000'),
(0, 4, 81, 'c_wallet_hero', '10.0000'),
(0, 4, 81, 'c_wallet_valor', '59'),
(0, 4, 81, 'elo', '1000'),
(0, 4, 81, 'level', '30'),
(0, 4, 81, 'xp', '500'),
(0, 28, 82, 'cpc', '1.0000'),
(0, 28, 82, 'ct', '301.7108'),
(0, 28, 82, 'c_apr', '265;477;917;1005;1080;1325;1329'),
(0, 28, 82, 'c_emo', '0'),
(0, 28, 82, 'c_eqp', '3060;3059;2026;2095;2059;2031;3160;2004;2049;0'),
(0, 28, 82, 'c_items', '2001;2002;2003;2004;2005;2026;2031;2046;2047;2048;2049;2055;2056;2057;2058;2059;2091;2092;2093;2094;2095;2146;2147;2148;2149;215'),
(0, 28, 82, 'c_kit', '2'),
(0, 28, 82, 'c_ltp', '8985.0000'),
(0, 28, 82, 'c_team', '2'),
(0, 28, 82, 'c_wallet_hero', '0.0000'),
(0, 28, 82, 'c_wallet_valor', '59'),
(0, 28, 82, 'dfv5', '4.0000'),
(0, 28, 82, 'dfw2053', '1.0000'),
(0, 28, 82, 'dfw2090', '1.0000'),
(0, 28, 82, 'dfw3022', '1.0000'),
(0, 28, 82, 'dfw3050', '1.0000'),
(0, 28, 82, 'div5', '4.0000'),
(0, 28, 82, 'ds', '2.0000'),
(0, 28, 82, 'dstrv5', '2.0000'),
(0, 28, 82, 'dt', '4.0000'),
(0, 28, 82, 'dww2004', '1.0000'),
(0, 28, 82, 'dww2095', '1.0000'),
(0, 28, 82, 'dww3060', '2.0000'),
(0, 28, 82, 'elo', '993.0000'),
(0, 28, 82, 'fc_dt2', '4.0000'),
(0, 28, 82, 'fc_ki2', '2.0000'),
(0, 28, 82, 'fc_los2', '5.0000'),
(0, 28, 82, 'fc_rs2', '945.0000'),
(0, 28, 82, 'fi', '12.0000'),
(0, 28, 82, 'ft_dt2', '4.0000'),
(0, 28, 82, 'ft_ki2', '2.0000'),
(0, 28, 82, 'ft_los2', '5.0000'),
(0, 28, 82, 'ft_rs2', '945.0000'),
(0, 28, 82, 'games', '3.0000'),
(0, 28, 82, 'ige18', '1.0000'),
(0, 28, 82, 'ki', '2.0000'),
(0, 28, 82, 'kk2', '2.0000'),
(0, 28, 82, 'kkb1', '1.0000'),
(0, 28, 82, 'kkb2', '3.0000'),
(0, 28, 82, 'ks', '1.0000'),
(0, 28, 82, 'kv5', '2.0000'),
(0, 28, 82, 'kw3059', '1.0000'),
(0, 28, 82, 'kw3060', '1.0000'),
(0, 28, 82, 'level', '30'),
(0, 28, 82, 'los', '5.0000'),
(0, 28, 82, 'm_ct0', '147.0903'),
(0, 28, 82, 'm_los0', '5.0000'),
(0, 28, 82, 'ppt', '107.0000'),
(0, 28, 82, 'prs', '257.0000'),
(0, 28, 82, 'rs', '945.0000'),
(0, 28, 82, 'tv0', '27.0000'),
(0, 28, 82, 'tv3', '9.0000'),
(0, 28, 82, 'tv5', '301.0000'),
(0, 28, 82, 'tw2004', '3.0000'),
(0, 28, 82, 'tw2026', '6.0000'),
(0, 28, 82, 'tw2049', '2.0000'),
(0, 28, 82, 'tw2059', '10.0000'),
(0, 28, 82, 'tw2095', '16.0000'),
(0, 28, 82, 'tw3059', '20.0000'),
(0, 28, 82, 'tw3060', '101.0000'),
(0, 28, 82, 'tw3160', '125.0000'),
(0, 28, 82, 'xp', '0'),
(0, 4, 85, 'c_apr', '9;10;73'),
(0, 4, 85, 'c_emo', '5000;5007;5016;0;0;0;0;0;0'),
(0, 4, 85, 'c_eqp', '3004;3010;2026;0;0;0;0;0;0;0'),
(0, 4, 85, 'c_kit', '2'),
(0, 4, 85, 'c_team', '1'),
(0, 4, 85, 'c_tut', '1'),
(0, 4, 85, 'c_wallet_hero', '14'),
(0, 4, 85, 'c_wallet_valor', '59'),
(0, 4, 85, 'elo', '1000'),
(0, 4, 85, 'level', '30'),
(0, 4, 85, 'xp', '500'),
(0, 6, 90, 'aw6000', '1.0000'),
(0, 6, 90, 'c_apr', '10;215;338;362;1093;1136;1217'),
(0, 6, 90, 'c_cmid2', '6000.0000'),
(0, 6, 90, 'c_emo', '5000;5007;5016;5037;5034;5029;5031;5028;5032'),
(0, 6, 90, 'c_eqp', '3137;3154;2141;2105;2121;3155;2113;0;0;2045'),
(0, 6, 90, 'c_items', '2001;2002;2003;2004;2005;2041;2042;2043;2044;2045;2101;2102;2103;2104;2105;2111;2112;2113;2121;2141;2146;2147;2148;2149;2150;215'),
(0, 6, 90, 'c_kit', '0'),
(0, 6, 90, 'c_ltp', '8985.0000'),
(0, 6, 90, 'c_team', '1'),
(0, 6, 90, 'c_tut', '1'),
(0, 6, 90, 'c_wallet_hero', '0.0000'),
(0, 6, 90, 'c_wallet_valor', '59'),
(0, 6, 90, 'c_wmid1', '0.0000'),
(0, 6, 90, 'c_wmid2', '0.0000'),
(0, 6, 90, 'edm', '165.0000'),
(0, 6, 90, 'elo', '998.0000'),
(0, 6, 90, 'games', '2.0000'),
(0, 6, 90, 'level', '30'),
(0, 6, 90, 'm2c0', '0.0000'),
(0, 6, 90, 'mid1', '6129.0000'),
(0, 6, 90, 'mid2', '0.0000'),
(0, 6, 90, 'ppt', '114.0000'),
(0, 6, 90, 'prs', '257.0000'),
(0, 6, 90, 'xp', '500'),
(0, 18, 132, 'cpc', '3.0000'),
(0, 18, 132, 'ct', '1772.0502'),
(0, 18, 132, 'c_apr', '138;143;389;477;1107;1109;1110;1113;1281;1316'),
(0, 18, 132, 'c_emo', '5007;5039;5027;5033;5030;5032;5025;5014;5017'),
(0, 18, 132, 'c_eqp', '3020;3090;3007;2059;2094;2152;2026;0;0;0'),
(0, 18, 132, 'c_items', '2001;2002;2003;2004;2005;2026;2046;2047;2048;2049;2055;2056;2057;2058;2059;2091;2092;2093;2094;2146;2147;2148;2149;2150;2152;215'),
(0, 18, 132, 'c_kit', '2'),
(0, 18, 132, 'c_ltp', '8985.0000'),
(0, 18, 132, 'c_team', '2'),
(0, 18, 132, 'c_tut', '1'),
(0, 18, 132, 'c_wallet_hero', '0.0000'),
(0, 18, 132, 'c_wallet_valor', '59'),
(0, 18, 132, 'dfv5', '14.0000'),
(0, 18, 132, 'dfw2070', '1.0000'),
(0, 18, 132, 'dfw3097', '4.0000'),
(0, 18, 132, 'dfw3137', '1.0000'),
(0, 18, 132, 'dfw3151', '2.0000'),
(0, 18, 132, 'dfw3158', '1.0000'),
(0, 18, 132, 'div5', '17.0000'),
(0, 18, 132, 'ds', '7.0000'),
(0, 18, 132, 'dstrv5', '13.0000'),
(0, 18, 132, 'dt', '17.0000'),
(0, 18, 132, 'dww2026', '3.0000'),
(0, 18, 132, 'dww2059', '4.0000'),
(0, 18, 132, 'dww2094', '2.0000'),
(0, 18, 132, 'dww3007', '5.0000'),
(0, 18, 132, 'dww3020', '1.0000'),
(0, 18, 132, 'dww3090', '2.0000'),
(0, 18, 132, 'elo', '986.0000'),
(0, 18, 132, 'fc_dt2', '17.0000'),
(0, 18, 132, 'fc_ki2', '13.0000'),
(0, 18, 132, 'fc_los2', '2.0000'),
(0, 18, 132, 'fc_rs2', '4599.0000'),
(0, 18, 132, 'fc_win2', '1.0000'),
(0, 18, 132, 'ft_dt2', '17.0000'),
(0, 18, 132, 'ft_ki2', '13.0000'),
(0, 18, 132, 'ft_los2', '2.0000'),
(0, 18, 132, 'ft_rs2', '4599.0000'),
(0, 18, 132, 'ft_win2', '1.0000'),
(0, 18, 132, 'games', '2.0000'),
(0, 18, 132, 'ka', '8.0000'),
(0, 18, 132, 'ki', '13.0000'),
(0, 18, 132, 'kk1', '7.0000'),
(0, 18, 132, 'kk2', '6.0000'),
(0, 18, 132, 'kkb1', '12.0000'),
(0, 18, 132, 'kkb2', '2.0000'),
(0, 18, 132, 'ks', '3.0000'),
(0, 18, 132, 'kv5', '13.0000'),
(0, 18, 132, 'kw2152', '1.0000'),
(0, 18, 132, 'kw3020', '8.0000'),
(0, 18, 132, 'kw3090', '4.0000'),
(0, 18, 132, 'level', '30'),
(0, 18, 132, 'los', '2.0000'),
(0, 18, 132, 'm_ct11', '652.3131'),
(0, 18, 132, 'm_los11', '2.0000'),
(0, 18, 132, 'm_win11', '1.0000'),
(0, 18, 132, 'ppt', '639.0000'),
(0, 18, 132, 'prs', '257.0000'),
(0, 18, 132, 'rs', '4599.0000'),
(0, 18, 132, 'tv0', '40.0000'),
(0, 18, 132, 'tv3', '28.0000'),
(0, 18, 132, 'tv5', '1772.0000'),
(0, 18, 132, 'tw2026', '128.0000'),
(0, 18, 132, 'tw2059', '150.0000'),
(0, 18, 132, 'tw2094', '224.0000'),
(0, 18, 132, 'tw2152', '16.0000'),
(0, 18, 132, 'tw3007', '617.0000'),
(0, 18, 132, 'tw3020', '394.0000'),
(0, 18, 132, 'tw3090', '255.0000'),
(0, 18, 132, 'win', '1.0000'),
(0, 18, 132, 'xp', '500'),
(0, 18, 167, 'cpc', '3.0000'),
(0, 18, 167, 'cpd', '2.0000'),
(0, 18, 167, 'ct', '2027.6350'),
(0, 18, 167, 'c_apr', '404;477;491;1107;1109;1110;1113;1127;1304;1316'),
(0, 18, 167, 'c_emo', '5007;5032;5027;5025;5012;5014;5008;5005;0'),
(0, 18, 167, 'c_eqp', '3015;3144;2079;3157;2020;2069;2153;2005;0;0'),
(0, 18, 167, 'c_items', '2001;2002;2003;2004;2005;2016;2017;2018;2019;2020;2065;2066;2067;2068;2069;2075;2076;2077;2078;2079;2146;2147;2148;2149;2150;215'),
(0, 18, 167, 'c_kit', '1'),
(0, 18, 167, 'c_ltp', '8985.0000'),
(0, 18, 167, 'c_team', '2'),
(0, 18, 167, 'c_tut', '1'),
(0, 18, 167, 'c_wallet_hero', '0.0000'),
(0, 18, 167, 'c_wallet_valor', '59'),
(0, 18, 167, 'dfv5', '15.0000'),
(0, 18, 167, 'dfw2086', '1.0000'),
(0, 18, 167, 'dfw2090', '2.0000'),
(0, 18, 167, 'dfw3091', '1.0000'),
(0, 18, 167, 'dfw3103', '1.0000'),
(0, 18, 167, 'dfw3137', '2.0000'),
(0, 18, 167, 'dfw3151', '1.0000'),
(0, 18, 167, 'dfw3178', '4.0000'),
(0, 18, 167, 'div5', '15.0000'),
(0, 18, 167, 'ds', '4.0000'),
(0, 18, 167, 'dstrv5', '13.0000'),
(0, 18, 167, 'dt', '15.0000'),
(0, 18, 167, 'dww2020', '1.0000'),
(0, 18, 167, 'dww2069', '3.0000'),
(0, 18, 167, 'dww2079', '2.0000'),
(0, 18, 167, 'dww3015', '6.0000'),
(0, 18, 167, 'dww3144', '3.0000'),
(0, 18, 167, 'elo', '1005.0000'),
(0, 18, 167, 'fc_dt1', '15.0000'),
(0, 18, 167, 'fc_ki1', '13.0000'),
(0, 18, 167, 'fc_los1', '1.0000'),
(0, 18, 167, 'fc_rs1', '6406.0000'),
(0, 18, 167, 'fc_win1', '2.0000'),
(0, 18, 167, 'fi', '2.0000'),
(0, 18, 167, 'ft_dt2', '15.0000'),
(0, 18, 167, 'ft_ki2', '13.0000'),
(0, 18, 167, 'ft_los2', '1.0000'),
(0, 18, 167, 'ft_rs2', '6406.0000'),
(0, 18, 167, 'ft_win2', '2.0000'),
(0, 18, 167, 'games', '3.0000'),
(0, 18, 167, 'ige21', '1.0000'),
(0, 18, 167, 'ka', '20.0000'),
(0, 18, 167, 'ki', '13.0000'),
(0, 18, 167, 'kk1', '11.0000'),
(0, 18, 167, 'kk2', '2.0000'),
(0, 18, 167, 'kkb1', '13.0000'),
(0, 18, 167, 'kkb2', '2.0000'),
(0, 18, 167, 'ks', '2.0000'),
(0, 18, 167, 'kv5', '13.0000'),
(0, 18, 167, 'kvr5', '2.0000'),
(0, 18, 167, 'kw2069', '2.0000'),
(0, 18, 167, 'kw3015', '3.0000'),
(0, 18, 167, 'kw3144', '3.0000'),
(0, 18, 167, 'kw3157', '3.0000'),
(0, 18, 167, 'level', '30'),
(0, 18, 167, 'los', '1.0000'),
(0, 18, 167, 'm_ct11', '44.3148'),
(0, 18, 167, 'm_ct5', '1368.1068'),
(0, 18, 167, 'm_los5', '1.0000'),
(0, 18, 167, 'm_win5', '2.0000'),
(0, 18, 167, 'ppt', '822.0000'),
(0, 18, 167, 'prs', '257.0000'),
(0, 18, 167, 'rs', '6406.0000'),
(0, 18, 167, 'sw3157', '2.0000'),
(0, 18, 167, 'tv0', '17.0000'),
(0, 18, 167, 'tv3', '5.0000'),
(0, 18, 167, 'tv5', '2027.0000'),
(0, 18, 167, 'tw2020', '69.0000'),
(0, 18, 167, 'tw2069', '238.0000'),
(0, 18, 167, 'tw2079', '61.0000'),
(0, 18, 167, 'tw2153', '14.0000'),
(0, 18, 167, 'tw3015', '582.0000'),
(0, 18, 167, 'tw3144', '657.0000'),
(0, 18, 167, 'tw3157', '319.0000'),
(0, 18, 167, 'win', '2.0000'),
(0, 18, 167, 'xp', '500'),
(0, 26, 168, 'cpc', '3.0000'),
(0, 26, 168, 'ct', '1607.0568'),
(0, 26, 168, 'c_apr', '10;151;300;362;1114;1120;1270;1285;1294'),
(0, 26, 168, 'c_emo', '5000;5007;5016;5032;5029;5026;5010;5023;5008'),
(0, 26, 168, 'c_eqp', '3187;3019;2141;2043;2015;3155;0;0;0;0'),
(0, 26, 168, 'c_items', '2001;2002;2003;2004;2005;2011;2012;2013;2014;2015;2041;2042;2043;2101;2102;2103;2104;2105;2111;2141;2146;2147;2148;2149;2150;215'),
(0, 26, 168, 'c_kit', '0'),
(0, 26, 168, 'c_ltp', '8985.0000'),
(0, 26, 168, 'c_team', '1'),
(0, 26, 168, 'c_tut', '1'),
(0, 26, 168, 'c_wallet_hero', '0.0000'),
(0, 26, 168, 'c_wallet_valor', '59'),
(0, 26, 168, 'dfv5', '12.0000'),
(0, 26, 168, 'dfw2065', '5.0000'),
(0, 26, 168, 'dfw3015', '2.0000'),
(0, 26, 168, 'dfw3177', '1.0000'),
(0, 26, 168, 'dfw3186', '2.0000'),
(0, 26, 168, 'dfw3192', '1.0000'),
(0, 26, 168, 'div5', '12.0000'),
(0, 26, 168, 'ds', '1.0000'),
(0, 26, 168, 'dstrv5', '12.0000'),
(0, 26, 168, 'dt', '12.0000'),
(0, 26, 168, 'dww2013', '2.0000'),
(0, 26, 168, 'dww2043', '1.0000'),
(0, 26, 168, 'dww2141', '2.0000'),
(0, 26, 168, 'dww3019', '1.0000'),
(0, 26, 168, 'dww3137', '3.0000'),
(0, 26, 168, 'dww3187', '3.0000'),
(0, 26, 168, 'elo', '1005.0000'),
(0, 26, 168, 'fc_dt0', '12.0000'),
(0, 26, 168, 'fc_ki0', '12.0000'),
(0, 26, 168, 'fc_los0', '1.0000'),
(0, 26, 168, 'fc_rs0', '2295.0000'),
(0, 26, 168, 'fi', '218.0000'),
(0, 26, 168, 'ft_dt1', '12.0000'),
(0, 26, 168, 'ft_ki1', '12.0000'),
(0, 26, 168, 'ft_los1', '1.0000'),
(0, 26, 168, 'ft_rs1', '2295.0000'),
(0, 26, 168, 'games', '1.0000'),
(0, 26, 168, 'hi', '62.0000'),
(0, 26, 168, 'hw3019', '3.0000'),
(0, 26, 168, 'hw3137', '7.0000'),
(0, 26, 168, 'hw3187', '52.0000'),
(0, 26, 168, 'ige11', '2.0000'),
(0, 26, 168, 'ige18', '1.0000'),
(0, 26, 168, 'ige22', '1.0000'),
(0, 26, 168, 'ka', '4.0000'),
(0, 26, 168, 'ki', '12.0000'),
(0, 26, 168, 'kk0', '2.0000'),
(0, 26, 168, 'kk1', '7.0000'),
(0, 26, 168, 'kk2', '3.0000'),
(0, 26, 168, 'kkb0', '3.0000'),
(0, 26, 168, 'kkb1', '8.0000'),
(0, 26, 168, 'kkb2', '1.0000'),
(0, 26, 168, 'ks', '4.0000'),
(0, 26, 168, 'kv5', '10.0000'),
(0, 26, 168, 'kw2013', '2.0000'),
(0, 26, 168, 'kw2015', '1.0000'),
(0, 26, 168, 'kw3187', '9.0000'),
(0, 26, 168, 'level', '30'),
(0, 26, 168, 'los', '1.0000'),
(0, 26, 168, 'm_ct0', '489.1017'),
(0, 26, 168, 'm_ct11', '540.3688'),
(0, 26, 168, 'm_los0', '1.0000'),
(0, 26, 168, 'ppt', '237.0000'),
(0, 26, 168, 'prs', '257.0000'),
(0, 26, 168, 'rs', '2295.0000'),
(0, 26, 168, 'sw2013', '1.0000'),
(0, 26, 168, 'sw2015', '1.0000'),
(0, 26, 168, 'sw2043', '2.0000'),
(0, 26, 168, 'sw2111', '5.0000'),
(0, 26, 168, 'sw2141', '2.0000'),
(0, 26, 168, 'sw3019', '54.0000');
INSERT INTO `game_stats` (`id`, `user_id`, `heroID`, `statsKey`, `statsValue`) VALUES
(0, 26, 168, 'sw3137', '43.0000'),
(0, 26, 168, 'sw3187', '107.0000'),
(0, 26, 168, 'tv0', '166.0000'),
(0, 26, 168, 'tv3', '2.0000'),
(0, 26, 168, 'tv5', '1606.0000'),
(0, 26, 168, 'tw2013', '35.0000'),
(0, 26, 168, 'tw2015', '25.0000'),
(0, 26, 168, 'tw2043', '127.0000'),
(0, 26, 168, 'tw2111', '2.0000'),
(0, 26, 168, 'tw2141', '139.0000'),
(0, 26, 168, 'tw3019', '180.0000'),
(0, 26, 168, 'tw3137', '510.0000'),
(0, 26, 168, 'tw3187', '461.0000'),
(0, 26, 168, 'xp', '500'),
(0, 18, 171, 'cpc', '2.0000'),
(0, 18, 171, 'ct', '2646.0609'),
(0, 18, 171, 'c_apr', '151;415;475;484;499;501;544;1125;1136;1285'),
(0, 18, 171, 'c_emo', '5007;5029;5016;5026;5023;5015;5013;5005;5008'),
(0, 18, 171, 'c_eqp', '3022;3091;3171;2064;2095;2053;2153;0;2003;0'),
(0, 18, 171, 'c_items', ''),
(0, 18, 171, 'c_kit', '2'),
(0, 18, 171, 'c_ltp', '8985.0000'),
(0, 18, 171, 'c_team', '1'),
(0, 18, 171, 'c_tut', '1'),
(0, 18, 171, 'c_wallet_hero', '14'),
(0, 18, 171, 'c_wallet_valor', '59'),
(0, 18, 171, 'dfv5', '18.0000'),
(0, 18, 171, 'dfw2065', '1.0000'),
(0, 18, 171, 'dfw2084', '1.0000'),
(0, 18, 171, 'dfw3015', '1.0000'),
(0, 18, 171, 'dfw3020', '4.0000'),
(0, 18, 171, 'dfw3027', '2.0000'),
(0, 18, 171, 'dfw3084', '1.0000'),
(0, 18, 171, 'dfw3090', '1.0000'),
(0, 18, 171, 'dfw3092', '3.0000'),
(0, 18, 171, 'dfw3144', '1.0000'),
(0, 18, 171, 'dfw3150', '1.0000'),
(0, 18, 171, 'div2', '3.0000'),
(0, 18, 171, 'div5', '17.0000'),
(0, 18, 171, 'ds', '5.0000'),
(0, 18, 171, 'dstrv0', '1.0000'),
(0, 18, 171, 'dstrv5', '24.0000'),
(0, 18, 171, 'dt', '20.0000'),
(0, 18, 171, 'dww2003', '1.0000'),
(0, 18, 171, 'dww2064', '8.0000'),
(0, 18, 171, 'dww2095', '3.0000'),
(0, 18, 171, 'dww2153', '2.0000'),
(0, 18, 171, 'dww3022', '2.0000'),
(0, 18, 171, 'dww3091', '1.0000'),
(0, 18, 171, 'elo', '1024.0000'),
(0, 18, 171, 'fc_dt2', '20.0000'),
(0, 18, 171, 'fc_ki2', '25.0000'),
(0, 18, 171, 'fc_los2', '1.0000'),
(0, 18, 171, 'fc_rs2', '5905.0000'),
(0, 18, 171, 'fc_win2', '2.0000'),
(0, 18, 171, 'fi', '727.0000'),
(0, 18, 171, 'ft_dt1', '20.0000'),
(0, 18, 171, 'ft_ki1', '25.0000'),
(0, 18, 171, 'ft_los1', '1.0000'),
(0, 18, 171, 'ft_rs1', '5905.0000'),
(0, 18, 171, 'ft_win1', '2.0000'),
(0, 18, 171, 'games', '3.0000'),
(0, 18, 171, 'hi', '70.0000'),
(0, 18, 171, 'hw2053', '4.0000'),
(0, 18, 171, 'hw3022', '50.0000'),
(0, 18, 171, 'hw3087', '1.0000'),
(0, 18, 171, 'hw3091', '2.0000'),
(0, 18, 171, 'hw3171', '13.0000'),
(0, 18, 171, 'ige16', '1.0000'),
(0, 18, 171, 'ige22', '1.0000'),
(0, 18, 171, 'ka', '15.0000'),
(0, 18, 171, 'ki', '25.0000'),
(0, 18, 171, 'kk0', '1.0000'),
(0, 18, 171, 'kk1', '16.0000'),
(0, 18, 171, 'kk2', '8.0000'),
(0, 18, 171, 'kkb0', '7.0000'),
(0, 18, 171, 'kkb1', '5.0000'),
(0, 18, 171, 'kkb2', '6.0000'),
(0, 18, 171, 'ks', '4.0000'),
(0, 18, 171, 'kv2', '1.0000'),
(0, 18, 171, 'kv5', '24.0000'),
(0, 18, 171, 'kvr2', '1.0000'),
(0, 18, 171, 'kw3022', '14.0000'),
(0, 18, 171, 'kw3091', '9.0000'),
(0, 18, 171, 'kw3171', '1.0000'),
(0, 18, 171, 'level', '30'),
(0, 18, 171, 'los', '1.0000'),
(0, 18, 171, 'm_ct0', '868.9929'),
(0, 18, 171, 'm_ct11', '550.5562'),
(0, 18, 171, 'm_los0', '1.0000'),
(0, 18, 171, 'm_win0', '1.0000'),
(0, 18, 171, 'm_win11', '1.0000'),
(0, 18, 171, 'ppt', '790.0000'),
(0, 18, 171, 'prs', '257.0000'),
(0, 18, 171, 'rs', '5905.0000'),
(0, 18, 171, 'sw2053', '9.0000'),
(0, 18, 171, 'sw2095', '2.0000'),
(0, 18, 171, 'sw3022', '619.0000'),
(0, 18, 171, 'sw3087', '17.0000'),
(0, 18, 171, 'sw3091', '40.0000'),
(0, 18, 171, 'sw3171', '40.0000'),
(0, 18, 171, 'tv0', '129.0000'),
(0, 18, 171, 'tv2', '111.0000'),
(0, 18, 171, 'tv3', '25.0000'),
(0, 18, 171, 'tv4', '14.0000'),
(0, 18, 171, 'tv5', '2645.0000'),
(0, 18, 171, 'tw2003', '45.0000'),
(0, 18, 171, 'tw2053', '16.0000'),
(0, 18, 171, 'tw2064', '253.0000'),
(0, 18, 171, 'tw2095', '311.0000'),
(0, 18, 171, 'tw2153', '39.0000'),
(0, 18, 171, 'tw3022', '567.0000'),
(0, 18, 171, 'tw3087', '58.0000'),
(0, 18, 171, 'tw3091', '346.0000'),
(0, 18, 171, 'tw3171', '726.0000'),
(0, 18, 171, 'win', '2.0000'),
(0, 18, 171, 'xp', '500'),
(0, 18, 185, 'cpc', '5.0000'),
(0, 18, 185, 'ct', '715.6277'),
(0, 18, 185, 'c_apr', '64;415;439;475;501;536;544;1125;1128;1324'),
(0, 18, 185, 'c_emo', '5007;5023;5016;5013;5026;0;0;0;0'),
(0, 18, 185, 'c_eqp', '3041;3137;2079;2025;3158;2072;2086;2131;2153;2001'),
(0, 18, 185, 'c_items', '2001;2002;2003;2004;2005;2021;2022;2023;2024;2025;2070;2071;2072;2075;2076;2077;2078;2079;2086;2131;2146;2147;2148;2149;2150;215'),
(0, 18, 185, 'c_kit', '1'),
(0, 18, 185, 'c_ltp', '8985.0000'),
(0, 18, 185, 'c_team', '1'),
(0, 18, 185, 'c_tut', '1'),
(0, 18, 185, 'c_wallet_hero', '0.0000'),
(0, 18, 185, 'c_wallet_valor', '59'),
(0, 18, 185, 'dfv5', '7.0000'),
(0, 18, 185, 'dfw3020', '1.0000'),
(0, 18, 185, 'dfw3038', '2.0000'),
(0, 18, 185, 'dfw3053', '1.0000'),
(0, 18, 185, 'dfw3062', '1.0000'),
(0, 18, 185, 'dfw3111', '2.0000'),
(0, 18, 185, 'div5', '7.0000'),
(0, 18, 185, 'ds', '5.0000'),
(0, 18, 185, 'dstrv5', '1.0000'),
(0, 18, 185, 'dt', '7.0000'),
(0, 18, 185, 'dww2079', '1.0000'),
(0, 18, 185, 'dww2086', '1.0000'),
(0, 18, 185, 'dww3041', '2.0000'),
(0, 18, 185, 'dww3137', '2.0000'),
(0, 18, 185, 'dww3158', '1.0000'),
(0, 18, 185, 'elo', '957.0000'),
(0, 18, 185, 'fc_dt1', '7.0000'),
(0, 18, 185, 'fc_ki1', '1.0000'),
(0, 18, 185, 'fc_los1', '1.0000'),
(0, 18, 185, 'fc_rs1', '1575.0000'),
(0, 18, 185, 'fi', '728.0000'),
(0, 18, 185, 'ft_dt1', '7.0000'),
(0, 18, 185, 'ft_ki1', '1.0000'),
(0, 18, 185, 'ft_los1', '1.0000'),
(0, 18, 185, 'ft_rs1', '1575.0000'),
(0, 18, 185, 'games', '4.0000'),
(0, 18, 185, 'hi', '87.0000'),
(0, 18, 185, 'hw2025', '7.0000'),
(0, 18, 185, 'hw3041', '53.0000'),
(0, 18, 185, 'hw3137', '23.0000'),
(0, 18, 185, 'hw3158', '4.0000'),
(0, 18, 185, 'ka', '3.0000'),
(0, 18, 185, 'ki', '1.0000'),
(0, 18, 185, 'kk2', '1.0000'),
(0, 18, 185, 'kkb1', '3.0000'),
(0, 18, 185, 'kkb2', '4.0000'),
(0, 18, 185, 'ks', '1.0000'),
(0, 18, 185, 'kv5', '1.0000'),
(0, 18, 185, 'kw3041', '1.0000'),
(0, 18, 185, 'level', '30'),
(0, 18, 185, 'los', '1.0000'),
(0, 18, 185, 'm_los11', '1.0000'),
(0, 18, 185, 'ppt', '550.0000'),
(0, 18, 185, 'prs', '257.0000'),
(0, 18, 185, 'rs', '1575.0000'),
(0, 18, 185, 'sw2025', '18.0000'),
(0, 18, 185, 'sw2079', '1.0000'),
(0, 18, 185, 'sw2131', '1.0000'),
(0, 18, 185, 'sw3041', '461.0000'),
(0, 18, 185, 'sw3137', '203.0000'),
(0, 18, 185, 'sw3158', '44.0000'),
(0, 18, 185, 'tv3', '1.0000'),
(0, 18, 185, 'tv5', '715.0000'),
(0, 18, 185, 'tw2025', '16.0000'),
(0, 18, 185, 'tw2079', '26.0000'),
(0, 18, 185, 'tw2086', '51.0000'),
(0, 18, 185, 'tw2131', '46.0000'),
(0, 18, 185, 'tw2153', '4.0000'),
(0, 18, 185, 'tw3041', '144.0000'),
(0, 18, 185, 'tw3137', '254.0000'),
(0, 18, 185, 'tw3158', '113.0000'),
(0, 18, 185, 'xp', '500'),
(0, 17, 245, 'cpc', '2.0000'),
(0, 17, 245, 'cpd', '3.0000'),
(0, 17, 245, 'ct', '1575.4320'),
(0, 17, 245, 'c_apr', '202;399;431;477;1127;1247;1262;1315'),
(0, 17, 245, 'c_emo', '0'),
(0, 17, 245, 'c_eqp', '3094;3027;2079;2067;2020;3157;2153;2004;2127;2081'),
(0, 17, 245, 'c_items', '2001;2002;2003;2004;2005;2016;2017;2018;2019;2020;2065;2066;2067;2075;2076;2077;2078;2079;2081;2126;2127;2146;2147;2148;2149;215'),
(0, 17, 245, 'c_kit', '1'),
(0, 17, 245, 'c_ltp', '8985.0000'),
(0, 17, 245, 'c_team', '2'),
(0, 17, 245, 'c_wallet_hero', '0.0000'),
(0, 17, 245, 'c_wallet_valor', '59'),
(0, 17, 245, 'dfv0', '1.0000'),
(0, 17, 245, 'dfv5', '10.0000'),
(0, 17, 245, 'dfw3041', '2.0000'),
(0, 17, 245, 'dfw3050', '1.0000'),
(0, 17, 245, 'dfw3051', '1.0000'),
(0, 17, 245, 'dfw3093', '6.0000'),
(0, 17, 245, 'div5', '12.0000'),
(0, 17, 245, 'ds', '3.0000'),
(0, 17, 245, 'dstrv5', '23.0000'),
(0, 17, 245, 'dt', '12.0000'),
(0, 17, 245, 'dww2004', '1.0000'),
(0, 17, 245, 'dww2081', '1.0000'),
(0, 17, 245, 'dww3027', '4.0000'),
(0, 17, 245, 'dww3094', '4.0000'),
(0, 17, 245, 'dww3157', '2.0000'),
(0, 17, 245, 'elo', '1058.0000'),
(0, 17, 245, 'fc_dt1', '12.0000'),
(0, 17, 245, 'fc_ki1', '24.0000'),
(0, 17, 245, 'fc_los1', '2.0000'),
(0, 17, 245, 'fc_rs1', '5842.0000'),
(0, 17, 245, 'ft_dt2', '12.0000'),
(0, 17, 245, 'ft_ki2', '24.0000'),
(0, 17, 245, 'ft_los2', '2.0000'),
(0, 17, 245, 'ft_rs2', '5842.0000'),
(0, 17, 245, 'games', '1.0000'),
(0, 17, 245, 'ige1', '1.0000'),
(0, 17, 245, 'ige21', '1.0000'),
(0, 17, 245, 'ka', '11.0000'),
(0, 17, 245, 'ki', '24.0000'),
(0, 17, 245, 'kk0', '7.0000'),
(0, 17, 245, 'kk1', '13.0000'),
(0, 17, 245, 'kk2', '4.0000'),
(0, 17, 245, 'kkb0', '6.0000'),
(0, 17, 245, 'kkb1', '3.0000'),
(0, 17, 245, 'kkb2', '2.0000'),
(0, 17, 245, 'ks', '7.0000'),
(0, 17, 245, 'kv5', '24.0000'),
(0, 17, 245, 'kvr5', '1.0000'),
(0, 17, 245, 'kw2081', '2.0000'),
(0, 17, 245, 'kw3027', '7.0000'),
(0, 17, 245, 'kw3094', '11.0000'),
(0, 17, 245, 'kw3157', '2.0000'),
(0, 17, 245, 'level', '30'),
(0, 17, 245, 'los', '2.0000'),
(0, 17, 245, 'm_ct5', '6.5963'),
(0, 17, 245, 'm_los5', '2.0000'),
(0, 17, 245, 'ppt', '713.0000'),
(0, 17, 245, 'prs', '257.0000'),
(0, 17, 245, 'rs', '5842.0000'),
(0, 17, 245, 'tv0', '40.0000'),
(0, 17, 245, 'tv5', '1575.0000'),
(0, 17, 245, 'tw2004', '48.0000'),
(0, 17, 245, 'tw2020', '32.0000'),
(0, 17, 245, 'tw2067', '130.0000'),
(0, 17, 245, 'tw2079', '28.0000'),
(0, 17, 245, 'tw2081', '154.0000'),
(0, 17, 245, 'tw2127', '82.0000'),
(0, 17, 245, 'tw2153', '4.0000'),
(0, 17, 245, 'tw3027', '413.0000'),
(0, 17, 245, 'tw3094', '377.0000'),
(0, 17, 245, 'tw3157', '252.0000'),
(0, 17, 245, 'xp', '0'),
(0, 14, 310, 'cpc', '1.0000'),
(0, 14, 310, 'ct', '825.7711'),
(0, 14, 310, 'c_apr', '409;436;1010;1031;1058;1072;1093;1128;1254'),
(0, 14, 310, 'c_emo', '5000;5007;5016;5038;5032;5034;5035;5031;5028'),
(0, 14, 310, 'c_eqp', '3048;3091;2050;3171;2005;2150;0;2030;2094;2064'),
(0, 14, 310, 'c_items', '2001;2002;2003;2004;2005;2026;2027;2028;2029;2030;2050;2060;2061;2062;2063;2064;2091;2092;2093;2094;2146;2147;2148;2149;2150;215'),
(0, 14, 310, 'c_kit', '2'),
(0, 14, 310, 'c_ltp', '8985.0000'),
(0, 14, 310, 'c_team', '1'),
(0, 14, 310, 'c_tut', '1'),
(0, 14, 310, 'c_wallet_hero', '0.0000'),
(0, 14, 310, 'c_wallet_valor', '59'),
(0, 14, 310, 'dfv5', '4.0000'),
(0, 14, 310, 'dfw3062', '1.0000'),
(0, 14, 310, 'dfw3084', '1.0000'),
(0, 14, 310, 'dfw3092', '2.0000'),
(0, 14, 310, 'div5', '4.0000'),
(0, 14, 310, 'ds', '2.0000'),
(0, 14, 310, 'dstrv5', '10.0000'),
(0, 14, 310, 'dt', '4.0000'),
(0, 14, 310, 'dww2030', '1.0000'),
(0, 14, 310, 'dww2064', '1.0000'),
(0, 14, 310, 'dww3048', '1.0000'),
(0, 14, 310, 'dww3171', '1.0000'),
(0, 14, 310, 'elo', '1040.0000'),
(0, 14, 310, 'fc_dt2', '4.0000'),
(0, 14, 310, 'fc_ki2', '10.0000'),
(0, 14, 310, 'fc_rs2', '1900.0000'),
(0, 14, 310, 'fc_win2', '1.0000'),
(0, 14, 310, 'fi', '1553.0000'),
(0, 14, 310, 'ft_dt1', '4.0000'),
(0, 14, 310, 'ft_ki1', '10.0000'),
(0, 14, 310, 'ft_rs1', '1900.0000'),
(0, 14, 310, 'ft_win1', '1.0000'),
(0, 14, 310, 'games', '1.0000'),
(0, 14, 310, 'hi', '289.0000'),
(0, 14, 310, 'hw2050', '3.0000'),
(0, 14, 310, 'hw3048', '231.0000'),
(0, 14, 310, 'hw3091', '42.0000'),
(0, 14, 310, 'hw3171', '13.0000'),
(0, 14, 310, 'ige23', '1.0000'),
(0, 14, 310, 'ka', '2.0000'),
(0, 14, 310, 'ki', '10.0000'),
(0, 14, 310, 'kk0', '4.0000'),
(0, 14, 310, 'kk1', '3.0000'),
(0, 14, 310, 'kk2', '3.0000'),
(0, 14, 310, 'kkb0', '4.0000'),
(0, 14, 310, 'ks', '4.0000'),
(0, 14, 310, 'kv5', '10.0000'),
(0, 14, 310, 'kw3048', '10.0000'),
(0, 14, 310, 'level', '30'),
(0, 14, 310, 'm_win11', '1.0000'),
(0, 14, 310, 'ppt', '307.0000'),
(0, 14, 310, 'prs', '257.0000'),
(0, 14, 310, 'rs', '1900.0000'),
(0, 14, 310, 'sw2030', '1.0000'),
(0, 14, 310, 'sw2050', '18.0000'),
(0, 14, 310, 'sw2094', '1.0000'),
(0, 14, 310, 'sw3048', '1186.0000'),
(0, 14, 310, 'sw3091', '298.0000'),
(0, 14, 310, 'sw3171', '49.0000'),
(0, 14, 310, 'tv3', '6.0000'),
(0, 14, 310, 'tv5', '825.0000'),
(0, 14, 310, 'tw2005', '38.0000'),
(0, 14, 310, 'tw2030', '30.0000'),
(0, 14, 310, 'tw2050', '6.0000'),
(0, 14, 310, 'tw2064', '60.0000'),
(0, 14, 310, 'tw2094', '113.0000'),
(0, 14, 310, 'tw3048', '236.0000'),
(0, 14, 310, 'tw3091', '121.0000'),
(0, 14, 310, 'tw3171', '227.0000'),
(0, 14, 310, 'win', '1.0000'),
(0, 14, 310, 'xp', '500'),
(0, 14, 329, 'ct', '1558.2480'),
(0, 14, 329, 'c_apr', '154;1106;1126;1127;1243'),
(0, 14, 329, 'c_emo', '5000;5007;5016;5035;5032;5034;5039;5036;5041'),
(0, 14, 329, 'c_eqp', '3094;3127;2016;3157;2005;2150;0;2079;2068;2085'),
(0, 14, 329, 'c_items', '2001;2002;2003;2004;2005;2016;2065;2066;2067;2068;2075;2076;2077;2078;2079;2081;2082;2083;2084;2085;2146;2147;2148;2149;2150;215'),
(0, 14, 329, 'c_kit', '1'),
(0, 14, 329, 'c_ltp', '8985.0000'),
(0, 14, 329, 'c_team', '2'),
(0, 14, 329, 'c_tut', '1'),
(0, 14, 329, 'c_wallet_hero', '0.0000'),
(0, 14, 329, 'c_wallet_valor', '59'),
(0, 14, 329, 'c_wmid0', '0.0000'),
(0, 14, 329, 'dfv5', '16.0000'),
(0, 14, 329, 'dfw3048', '1.0000'),
(0, 14, 329, 'dfw3050', '4.0000'),
(0, 14, 329, 'dfw3051', '5.0000'),
(0, 14, 329, 'dfw3097', '1.0000'),
(0, 14, 329, 'dfw3103', '2.0000'),
(0, 14, 329, 'dfw3137', '1.0000'),
(0, 14, 329, 'div5', '16.0000'),
(0, 14, 329, 'ds', '4.0000'),
(0, 14, 329, 'dstrv5', '17.0000'),
(0, 14, 329, 'dt', '16.0000'),
(0, 14, 329, 'dww2016', '2.0000'),
(0, 14, 329, 'dww2079', '4.0000'),
(0, 14, 329, 'dww2085', '6.0000'),
(0, 14, 329, 'dww3094', '2.0000'),
(0, 14, 329, 'dww3127', '1.0000'),
(0, 14, 329, 'dww3157', '1.0000'),
(0, 14, 329, 'edm', '165.0000'),
(0, 14, 329, 'elo', '992.0000'),
(0, 14, 329, 'fc_dt1', '16.0000'),
(0, 14, 329, 'fc_ki1', '17.0000'),
(0, 14, 329, 'fc_los1', '1.0000'),
(0, 14, 329, 'fc_rs1', '7758.0000'),
(0, 14, 329, 'fc_win1', '2.0000'),
(0, 14, 329, 'fi', '1221.0000'),
(0, 14, 329, 'ft_dt2', '16.0000'),
(0, 14, 329, 'ft_ki2', '17.0000'),
(0, 14, 329, 'ft_los2', '1.0000'),
(0, 14, 329, 'ft_rs2', '7758.0000'),
(0, 14, 329, 'ft_win2', '2.0000'),
(0, 14, 329, 'games', '3.0000'),
(0, 14, 329, 'hi', '264.0000'),
(0, 14, 329, 'hw2016', '7.0000'),
(0, 14, 329, 'hw2068', '3.0000'),
(0, 14, 329, 'hw3094', '243.0000'),
(0, 14, 329, 'hw3127', '10.0000'),
(0, 14, 329, 'hw3157', '1.0000'),
(0, 14, 329, 'ige22', '1.0000'),
(0, 14, 329, 'ka', '15.0000'),
(0, 14, 329, 'ki', '17.0000'),
(0, 14, 329, 'kk0', '4.0000'),
(0, 14, 329, 'kk1', '5.0000'),
(0, 14, 329, 'kk2', '8.0000'),
(0, 14, 329, 'kkb1', '5.0000'),
(0, 14, 329, 'kkb2', '11.0000'),
(0, 14, 329, 'ks', '3.0000'),
(0, 14, 329, 'kv5', '17.0000'),
(0, 14, 329, 'kvr5', '1.0000'),
(0, 14, 329, 'kw2085', '2.0000'),
(0, 14, 329, 'kw3094', '10.0000'),
(0, 14, 329, 'kw3127', '4.0000'),
(0, 14, 329, 'level', '30'),
(0, 14, 329, 'los', '1.0000'),
(0, 14, 329, 'mid0', '6129.0000'),
(0, 14, 329, 'm_ct0', '886.2294'),
(0, 14, 329, 'm_ct9', '851.9234'),
(0, 14, 329, 'm_los0', '1.0000'),
(0, 14, 329, 'm_win9', '2.0000'),
(0, 14, 329, 'ppt', '836.0000'),
(0, 14, 329, 'prs', '257.0000'),
(0, 14, 329, 'rc', '1.0000'),
(0, 14, 329, 'rs', '7758.0000'),
(0, 14, 329, 'sw2016', '19.0000'),
(0, 14, 329, 'sw2068', '13.0000'),
(0, 14, 329, 'sw2079', '1.0000'),
(0, 14, 329, 'sw3094', '1113.0000'),
(0, 14, 329, 'sw3127', '30.0000'),
(0, 14, 329, 'sw3157', '22.0000'),
(0, 14, 329, 'tv0', '35.0000'),
(0, 14, 329, 'tv3', '2.0000'),
(0, 14, 329, 'tv5', '1558.0000'),
(0, 14, 329, 'tw2005', '50.0000'),
(0, 14, 329, 'tw2016', '40.0000'),
(0, 14, 329, 'tw2068', '88.0000'),
(0, 14, 329, 'tw2079', '52.0000'),
(0, 14, 329, 'tw2085', '262.0000'),
(0, 14, 329, 'tw3094', '613.0000'),
(0, 14, 329, 'tw3127', '144.0000'),
(0, 14, 329, 'tw3157', '163.0000'),
(0, 14, 329, 'win', '2.0000'),
(0, 14, 329, 'xp', '500'),
(0, 14, 349, 'cpc', '10.0000'),
(0, 14, 349, 'cpd', '2.0000'),
(0, 14, 349, 'ct', '3630.1709'),
(0, 14, 349, 'c_apr', '226;525;584;1106;1133;1242;1250;1302;1304'),
(0, 14, 349, 'c_emo', '5000;5007;5016;5039;5032;5034;5024;5041;5036'),
(0, 14, 349, 'c_eqp', '3092;3144;2140;3156;0;2150;2005;2119;2041;2100'),
(0, 14, 349, 'c_items', '2001;2002;2003;2004;2005;2041;2096;2097;2098;2099;2100;2116;2117;2118;2119;2136;2137;2138;2139;2140;2146;2147;2148;2149;2150;215'),
(0, 14, 349, 'c_kit', '0'),
(0, 14, 349, 'c_ltp', '8985.0000'),
(0, 14, 349, 'c_team', '2'),
(0, 14, 349, 'c_tut', '1'),
(0, 14, 349, 'c_wallet_hero', '0.0000'),
(0, 14, 349, 'c_wallet_valor', '59'),
(0, 14, 349, 'dfv5', '24.0000'),
(0, 14, 349, 'dfw2053', '1.0000'),
(0, 14, 349, 'dfw2070', '1.0000'),
(0, 14, 349, 'dfw2090', '2.0000'),
(0, 14, 349, 'dfw3022', '1.0000'),
(0, 14, 349, 'dfw3037', '1.0000'),
(0, 14, 349, 'dfw3042', '1.0000'),
(0, 14, 349, 'dfw3043', '1.0000'),
(0, 14, 349, 'dfw3050', '5.0000'),
(0, 14, 349, 'dfw3051', '2.0000'),
(0, 14, 349, 'dfw3103', '1.0000'),
(0, 14, 349, 'dfw3137', '2.0000'),
(0, 14, 349, 'dfw3151', '1.0000'),
(0, 14, 349, 'dfw3153', '5.0000'),
(0, 14, 349, 'div2', '1.0000'),
(0, 14, 349, 'div5', '24.0000'),
(0, 14, 349, 'ds', '3.0000'),
(0, 14, 349, 'dstrv2', '3.0000'),
(0, 14, 349, 'dstrv5', '30.0000'),
(0, 14, 349, 'dt', '25.0000'),
(0, 14, 349, 'dww2041', '6.0000'),
(0, 14, 349, 'dww2100', '3.0000'),
(0, 14, 349, 'dww2119', '5.0000'),
(0, 14, 349, 'dww2140', '2.0000'),
(0, 14, 349, 'dww2150', '1.0000'),
(0, 14, 349, 'dww3092', '2.0000'),
(0, 14, 349, 'dww3144', '6.0000'),
(0, 14, 349, 'elo', '1065.0000'),
(0, 14, 349, 'fc_dt0', '25.0000'),
(0, 14, 349, 'fc_ki0', '33.0000'),
(0, 14, 349, 'fc_los0', '4.0000'),
(0, 14, 349, 'fc_rs0', '9310.0000'),
(0, 14, 349, 'fc_win0', '1.0000'),
(0, 14, 349, 'fi', '120.0000'),
(0, 14, 349, 'ft_dt2', '25.0000'),
(0, 14, 349, 'ft_ki2', '33.0000'),
(0, 14, 349, 'ft_los2', '4.0000'),
(0, 14, 349, 'ft_rs2', '9310.0000'),
(0, 14, 349, 'ft_win2', '1.0000'),
(0, 14, 349, 'games', '5.0000'),
(0, 14, 349, 'hi', '36.0000'),
(0, 14, 349, 'hw3092', '16.0000'),
(0, 14, 349, 'hw3144', '20.0000'),
(0, 14, 349, 'ige19', '20.0000'),
(0, 14, 349, 'ige23', '1.0000'),
(0, 14, 349, 'ka', '5.0000'),
(0, 14, 349, 'ki', '33.0000'),
(0, 14, 349, 'kk0', '6.0000'),
(0, 14, 349, 'kk1', '10.0000'),
(0, 14, 349, 'kk2', '17.0000'),
(0, 14, 349, 'kkb0', '7.0000'),
(0, 14, 349, 'kkb1', '6.0000'),
(0, 14, 349, 'kkb2', '11.0000'),
(0, 14, 349, 'ks', '6.0000'),
(0, 14, 349, 'kv5', '33.0000'),
(0, 14, 349, 'kw3092', '30.0000'),
(0, 14, 349, 'kw3144', '3.0000'),
(0, 14, 349, 'level', '30'),
(0, 14, 349, 'los', '4.0000'),
(0, 14, 349, 'm_ct11', '3286.3115'),
(0, 14, 349, 'm_los11', '4.0000'),
(0, 14, 349, 'm_win0', '1.0000'),
(0, 14, 349, 'ppt', '608.0000'),
(0, 14, 349, 'prs', '257.0000'),
(0, 14, 349, 'rs', '9310.0000'),
(0, 14, 349, 'sw2041', '1.0000'),
(0, 14, 349, 'sw2100', '1.0000'),
(0, 14, 349, 'sw2119', '1.0000'),
(0, 14, 349, 'sw2140', '1.0000'),
(0, 14, 349, 'sw3092', '40.0000'),
(0, 14, 349, 'sw3144', '75.0000'),
(0, 14, 349, 'sw3156', '1.0000'),
(0, 14, 349, 'tv0', '160.0000'),
(0, 14, 349, 'tv1', '70.0000'),
(0, 14, 349, 'tv2', '178.0000'),
(0, 14, 349, 'tv3', '12.0000'),
(0, 14, 349, 'tv5', '3630.0000'),
(0, 14, 349, 'tw2005', '104.0000'),
(0, 14, 349, 'tw2041', '255.0000'),
(0, 14, 349, 'tw2100', '220.0000'),
(0, 14, 349, 'tw2119', '127.0000'),
(0, 14, 349, 'tw2140', '420.0000'),
(0, 14, 349, 'tw2150', '24.0000'),
(0, 14, 349, 'tw3092', '665.0000'),
(0, 14, 349, 'tw3144', '578.0000'),
(0, 14, 349, 'tw3156', '13.0000'),
(0, 14, 349, 'win', '1.0000'),
(0, 14, 349, 'xp', '500'),
(0, 11, 359, 'cpc', '3.0000'),
(0, 11, 359, 'ct', '2499.0002'),
(0, 11, 359, 'c_apr', '193;240;292;1128;1136'),
(0, 11, 359, 'c_emo', '5000;5007;5016;5032;5037;5029;5038;5033;5001'),
(0, 11, 359, 'c_eqp', '3137;3089;0;2005;2150;2121;2105;2045;2144;2153'),
(0, 11, 359, 'c_items', '2001;2002;2003;2004;2005;2041;2042;2043;2044;2045;2101;2102;2103;2104;2105;2121;2141;2142;2143;2144;2146;2147;2148;2149;2150;215'),
(0, 11, 359, 'c_kit', '0'),
(0, 11, 359, 'c_ltp', '8985.0000'),
(0, 11, 359, 'c_team', '1'),
(0, 11, 359, 'c_tut', '1'),
(0, 11, 359, 'c_wallet_hero', '0.0000'),
(0, 11, 359, 'c_wallet_valor', '59'),
(0, 11, 359, 'dfv5', '3.0000'),
(0, 11, 359, 'dfw3092', '2.0000'),
(0, 11, 359, 'dfw3144', '1.0000'),
(0, 11, 359, 'div5', '3.0000'),
(0, 11, 359, 'ds', '1.0000'),
(0, 11, 359, 'dstrv5', '14.0000'),
(0, 11, 359, 'dt', '3.0000'),
(0, 11, 359, 'dww2045', '2.0000'),
(0, 11, 359, 'dww3137', '1.0000'),
(0, 11, 359, 'elo', '1183.0000'),
(0, 11, 359, 'fc_dt0', '3.0000'),
(0, 11, 359, 'fc_ki0', '14.0000'),
(0, 11, 359, 'fc_rs0', '3428.0000'),
(0, 11, 359, 'fc_win0', '3.0000'),
(0, 11, 359, 'fi', '70.0000'),
(0, 11, 359, 'ft_dt1', '3.0000'),
(0, 11, 359, 'ft_ki1', '14.0000'),
(0, 11, 359, 'ft_rs1', '3428.0000'),
(0, 11, 359, 'ft_win1', '3.0000'),
(0, 11, 359, 'games', '6.0000'),
(0, 11, 359, 'hi', '14.0000'),
(0, 11, 359, 'hw3137', '4.0000'),
(0, 11, 359, 'hw3153', '10.0000'),
(0, 11, 359, 'ige19', '8.0000'),
(0, 11, 359, 'ka', '7.0000'),
(0, 11, 359, 'ki', '14.0000'),
(0, 11, 359, 'kk0', '7.0000'),
(0, 11, 359, 'kk1', '4.0000'),
(0, 11, 359, 'kk2', '3.0000'),
(0, 11, 359, 'kkb0', '3.0000'),
(0, 11, 359, 'ks', '7.0000'),
(0, 11, 359, 'kv5', '14.0000'),
(0, 11, 359, 'kw3137', '2.0000'),
(0, 11, 359, 'kw3153', '12.0000'),
(0, 11, 359, 'level', '30'),
(0, 11, 359, 'm_ct11', '419.6070'),
(0, 11, 359, 'm_win11', '3.0000'),
(0, 11, 359, 'ppt', '567.0000'),
(0, 11, 359, 'prs', '257.0000'),
(0, 11, 359, 'rs', '3428.0000'),
(0, 11, 359, 'sw2045', '1.0000'),
(0, 11, 359, 'sw2105', '1.0000'),
(0, 11, 359, 'sw2121', '1.0000'),
(0, 11, 359, 'sw2144', '1.0000'),
(0, 11, 359, 'sw3137', '30.0000'),
(0, 11, 359, 'sw3153', '36.0000'),
(0, 11, 359, 'tv0', '81.0000'),
(0, 11, 359, 'tv5', '2499.0000'),
(0, 11, 359, 'tw2005', '27.0000'),
(0, 11, 359, 'tw2045', '123.0000'),
(0, 11, 359, 'tw2105', '119.0000'),
(0, 11, 359, 'tw2121', '85.0000'),
(0, 11, 359, 'tw2144', '246.0000'),
(0, 11, 359, 'tw2153', '8.0000'),
(0, 11, 359, 'tw3137', '418.0000'),
(0, 11, 359, 'tw3153', '604.0000'),
(0, 11, 359, 'win', '3.0000'),
(0, 11, 359, 'xp', '500'),
(0, 26, 408, 'c_apr', '180;212;270;1099;1132;1318'),
(0, 26, 408, 'c_emo', '5000;5007;5016;5032;5034;5027;5024;5012;5009'),
(0, 26, 408, 'c_eqp', '3186;3027;2136;2010;2045;2109;0;0;0;0'),
(0, 26, 408, 'c_items', '2001;2002;2003;2004;2005;2006;2007;2008;2009;2010;2041;2042;2043;2044;2045;2106;2107;2108;2109;2136;2146;2147;2148;2149;2150;215'),
(0, 26, 408, 'c_kit', '0'),
(0, 26, 408, 'c_ltp', '8985.0000'),
(0, 26, 408, 'c_team', '2'),
(0, 26, 408, 'c_tut', '1'),
(0, 26, 408, 'c_wallet_hero', '0.0000'),
(0, 26, 408, 'c_wallet_valor', '59'),
(0, 26, 408, 'elo', '1000'),
(0, 26, 408, 'level', '30'),
(0, 26, 408, 'xp', '500');

-- --------------------------------------------------------

--
-- Tabelstructuur voor tabel `permissions`
--

CREATE TABLE `permissions` (
  `id` int(11) NOT NULL,
  `slug` tinytext NOT NULL
) ENGINE=InnoDB DEFAULT CHARSET=latin1;

-- --------------------------------------------------------

--
-- Tabelstructuur voor tabel `permission_role`
--

CREATE TABLE `permission_role` (
  `id` int(11) NOT NULL,
  `role_id` int(11) DEFAULT NULL,
  `permission_id` int(11) NOT NULL
) ENGINE=InnoDB DEFAULT CHARSET=latin1;

-- --------------------------------------------------------

--
-- Tabelstructuur voor tabel `role_user`
--

CREATE TABLE `role_user` (
  `id` int(11) NOT NULL,
  `user_id` int(11) NOT NULL,
  `role_id` int(11) NOT NULL
) ENGINE=InnoDB DEFAULT CHARSET=latin1;

-- --------------------------------------------------------

--
-- Tabelstructuur voor tabel `users`
--

CREATE TABLE `users` (
  `id` int(11) NOT NULL,
  `username` varchar(16) NOT NULL,
  `password` varchar(32) NOT NULL,
  `email` varchar(64) NOT NULL,
  `birthday` timestamp NOT NULL DEFAULT CURRENT_TIMESTAMP,
  `language` varchar(4) DEFAULT NULL,
  `country` varchar(2) NOT NULL,
  `game_token` varchar(64) DEFAULT NULL
) ENGINE=InnoDB DEFAULT CHARSET=latin1;

--
-- Gegevens worden geëxporteerd voor tabel `users`
--

INSERT INTO `users` (`id`, `username`, `password`, `email`, `birthday`, `language`, `country`, `game_token`) VALUES
(1, 'Servidor1', '9cdfb439c7876e703e307864c9167a15', 'server1@dev.com', '2017-08-24 01:28:40', 'enUS', 'BR', 'Servidor1senha'),
(2, 's0u1m4st3r', 'senha', 'dev@dev.com', '2017-08-25 01:35:37', 'enUS', 'BR', 's0u1m4st3rsenha'),
(3, 'Kimortzzi', '1KABSHITNIXR3', 'kimortzzi@gmail.com', '2017-08-25 11:07:57', 'enUS', 'BR', 'Kimortzzi1KABSHITNIXR3'),
(4, 'Saucygod', 'ramon123', 'darkfused15@gmail.com', '2017-08-25 11:09:51', 'enUS', 'BR', 'Saucygodramon123'),
(5, '123', '123', '123@123.com', '2017-08-25 11:10:06', 'enUS', 'BR', '123123'),
(6, 'Victor', '8006505750', 'victor-11@hotmail.com', '2017-08-25 11:10:07', 'enUS', 'BR', 'Victor8006505750'),
(7, 'splin', 'matheus', 'asdsadsa@hotmail.com', '2017-08-25 11:10:16', 'enUS', 'BR', 'splinmatheus'),
(8, 'mjcastro', '92321268', '92321268', '2017-08-25 11:10:22', 'enUS', 'BR', 'mjcastro92321268'),
(9, 'tumba', '123456', 'oalamwias@gmail.com', '2017-08-25 11:10:25', 'enUS', 'BR', 'tumba123456'),
(11, 'Vai', 'Denrc15', 'ku125@gmail.com', '2017-08-25 11:10:39', 'enUS', 'BR', 'VaiDenrc15'),
(12, 'LordHardness', 'lgopt1234', 'lgopt1234', '2017-08-25 11:12:14', 'enUS', 'BR', 'LordHardnesslgopt1234'),
(13, 'mactheus6', 'ab140246', 'gfhfhfghf', '2017-08-25 11:13:00', 'enUS', 'BR', 'mactheus6ab140246'),
(14, 'ShadeshowMMH', 'kikinha111', 'gustavogmfranco@hotmail.com', '2017-08-25 11:13:45', 'enUS', 'BR', 'ShadeshowMMHkikinha111'),
(16, 'banana12', 'djkacila', 'djkacila@hotmail.com', '2017-08-25 11:13:59', 'enUS', 'BR', 'banana12djkacila'),
(17, 'mactheus7', 'ab140246', 'safueiahifuhafa', '2017-08-25 11:14:13', 'enUS', 'BR', 'mactheus7ab140246'),
(18, 'Medowi', 'Medowi', 'pippaaeee@hotmail.fr', '2017-08-25 11:14:14', 'enUS', 'BR', 'MedowiMedowi'),
(19, 'BrenoTor', 'lgopt1234', 'brenotorquato1@gmail.com', '2017-08-25 11:16:10', 'enUS', 'BR', 'BrenoTorlgopt1234'),
(20, 'tester81234 ', 'tanque45', 'pasolerobfh@gmail.com', '2017-08-25 11:16:32', 'enUS', 'BR', 'tester81234 tanque45'),
(21, 'UbikYT', 'Alehandro1234', 'zoomtrickshottingclan@gmail.com', '2017-08-25 11:20:08', 'enUS', 'BR', 'UbikYTAlehandro1234'),
(22, 'hawkc', 'tanque45', 'rodr@hotmail.es', '2017-08-25 11:28:12', 'enUS', 'BR', 'hawkctanque45'),
(25, 'Medowii', 'Medowii', 'emmanuel_91@hotmail.fr', '2017-08-25 11:28:56', 'enUS', 'BR', 'MedowiiMedowii'),
(26, 'xpro95', 'l8htbp474', 'c-sohane@hotmail.fr', '2017-08-25 11:33:09', 'enUS', 'BR', 'xpro95l8htbp474'),
(27, 'gostavu', 'gubildo99', 'w43gtf4w@gmail.com', '2017-08-25 11:34:35', 'enUS', 'BR', 'gostavugubildo99'),
(28, 'nicolasbtn', '34632445', 'maickrodrigues0@gmail.com', '2017-08-25 11:45:20', 'enUS', 'BR', 'nicolasbtn34632445'),
(30, 'caio', '1234', '1243@123.com', '2017-08-25 11:55:19', 'enUS', 'BR', 'caio1234'),
(144, 'lol', '9cdfb439c7876e703e307864c9167a15', 'lol@live.nl', '2017-09-01 22:30:59', 'nl', 'nl', '24');

-- --------------------------------------------------------

--
-- Tabelstructuur voor tabel `user_friends`
--

CREATE TABLE `user_friends` (
  `id` int(11) NOT NULL,
  `user_id` int(11) NOT NULL,
  `friend_id` int(11) NOT NULL
) ENGINE=InnoDB DEFAULT CHARSET=latin1;

--
-- Indexen voor geëxporteerde tabellen
--

--
-- Indexen voor tabel `friend_requests`
--
ALTER TABLE `friend_requests`
  ADD PRIMARY KEY (`id`),
  ADD KEY `sender` (`sender`),
  ADD KEY `receiver` (`receiver`);

--
-- Indexen voor tabel `games`
--
ALTER TABLE `games`
  ADD PRIMARY KEY (`id`);

--
-- Indexen voor tabel `game_heroes`
--
ALTER TABLE `game_heroes`
  ADD PRIMARY KEY (`id`),
  ADD UNIQUE KEY `heroName` (`heroName`),
  ADD KEY `game_heroes_ibfk_1` (`user_id`);

--
-- Indexen voor tabel `game_player_regions`
--
ALTER TABLE `game_player_regions`
  ADD PRIMARY KEY (`userid`);

--
-- Indexen voor tabel `game_player_server_preferences`
--
ALTER TABLE `game_player_server_preferences`
  ADD PRIMARY KEY (`userid`,`gid`),
  ADD KEY `game_player_server_preferences_ibfk_1` (`gid`);

--
-- Indexen voor tabel `game_servers`
--
ALTER TABLE `game_servers`
  ADD PRIMARY KEY (`id`),
  ADD UNIQUE KEY `servername` (`servername`),
  ADD UNIQUE KEY `secretKey` (`secretKey`),
  ADD KEY `user_id` (`user_id`);

--
-- Indexen voor tabel `game_server_player_stats`
--
ALTER TABLE `game_server_player_stats`
  ADD PRIMARY KEY (`id`),
  ADD KEY `game_server_player_stats_ibfk_1` (`gid`);

--
-- Indexen voor tabel `game_server_regions`
--
ALTER TABLE `game_server_regions`
  ADD PRIMARY KEY (`game_ip`);

--
-- Indexen voor tabel `game_server_stats`
--
ALTER TABLE `game_server_stats`
  ADD PRIMARY KEY (`id`),
  ADD UNIQUE KEY `gid` (`gid`),
  ADD UNIQUE KEY `statsKey` (`statsKey`);

--
-- Indexen voor tabel `game_stats`
--
ALTER TABLE `game_stats`
  ADD PRIMARY KEY (`heroID`,`statsKey`),
  ADD KEY `user_id` (`user_id`) USING BTREE;

--
-- Indexen voor tabel `permissions`
--
ALTER TABLE `permissions`
  ADD PRIMARY KEY (`id`);

--
-- Indexen voor tabel `permission_role`
--
ALTER TABLE `permission_role`
  ADD PRIMARY KEY (`id`);

--
-- Indexen voor tabel `role_user`
--
ALTER TABLE `role_user`
  ADD PRIMARY KEY (`id`);

--
-- Indexen voor tabel `users`
--
ALTER TABLE `users`
  ADD PRIMARY KEY (`id`),
  ADD UNIQUE KEY `username` (`username`),
  ADD UNIQUE KEY `email` (`email`);

--
-- Indexen voor tabel `user_friends`
--
ALTER TABLE `user_friends`
  ADD PRIMARY KEY (`id`),
  ADD KEY `user_id` (`user_id`),
  ADD KEY `friend_id` (`friend_id`);

--
-- AUTO_INCREMENT voor geëxporteerde tabellen
--

--
-- AUTO_INCREMENT voor een tabel `friend_requests`
--
ALTER TABLE `friend_requests`
  MODIFY `id` int(11) NOT NULL AUTO_INCREMENT;
--
-- AUTO_INCREMENT voor een tabel `games`
--
ALTER TABLE `games`
  MODIFY `id` int(11) NOT NULL AUTO_INCREMENT, AUTO_INCREMENT=8;
--
-- AUTO_INCREMENT voor een tabel `game_heroes`
--
ALTER TABLE `game_heroes`
  MODIFY `id` int(11) NOT NULL AUTO_INCREMENT, AUTO_INCREMENT=410;
--
-- AUTO_INCREMENT voor een tabel `game_servers`
--
ALTER TABLE `game_servers`
  MODIFY `id` int(11) NOT NULL AUTO_INCREMENT, AUTO_INCREMENT=2;
--
-- AUTO_INCREMENT voor een tabel `game_server_stats`
--
ALTER TABLE `game_server_stats`
  MODIFY `id` int(11) NOT NULL AUTO_INCREMENT;
--
-- AUTO_INCREMENT voor een tabel `permissions`
--
ALTER TABLE `permissions`
  MODIFY `id` int(11) NOT NULL AUTO_INCREMENT;
--
-- AUTO_INCREMENT voor een tabel `permission_role`
--
ALTER TABLE `permission_role`
  MODIFY `id` int(11) NOT NULL AUTO_INCREMENT;
--
-- AUTO_INCREMENT voor een tabel `users`
--
ALTER TABLE `users`
  MODIFY `id` int(11) NOT NULL AUTO_INCREMENT, AUTO_INCREMENT=145;
--
-- AUTO_INCREMENT voor een tabel `user_friends`
--
ALTER TABLE `user_friends`
  MODIFY `id` int(11) NOT NULL AUTO_INCREMENT;
--
-- Beperkingen voor geëxporteerde tabellen
--

--
-- Beperkingen voor tabel `friend_requests`
--
ALTER TABLE `friend_requests`
  ADD CONSTRAINT `friend_requests_ibfk_1` FOREIGN KEY (`sender`) REFERENCES `users` (`id`),
  ADD CONSTRAINT `friend_requests_ibfk_2` FOREIGN KEY (`receiver`) REFERENCES `users` (`id`);

--
-- Beperkingen voor tabel `game_heroes`
--
ALTER TABLE `game_heroes`
  ADD CONSTRAINT `game_heroes_ibfk_1` FOREIGN KEY (`user_id`) REFERENCES `users` (`id`) ON DELETE CASCADE ON UPDATE CASCADE;

--
-- Beperkingen voor tabel `game_player_server_preferences`
--
ALTER TABLE `game_player_server_preferences`
  ADD CONSTRAINT `game_player_server_preferences_ibfk_1` FOREIGN KEY (`gid`) REFERENCES `game_server_stats` (`gid`) ON DELETE CASCADE ON UPDATE CASCADE;

--
-- Beperkingen voor tabel `game_servers`
--
ALTER TABLE `game_servers`
  ADD CONSTRAINT `game_servers_ibfk_1` FOREIGN KEY (`user_id`) REFERENCES `users` (`id`);

--
-- Beperkingen voor tabel `game_server_player_stats`
--
ALTER TABLE `game_server_player_stats`
  ADD CONSTRAINT `game_server_player_stats_ibfk_1` FOREIGN KEY (`gid`) REFERENCES `game_server_stats` (`gid`) ON DELETE CASCADE ON UPDATE CASCADE;

--
-- Beperkingen voor tabel `game_stats`
--
ALTER TABLE `game_stats`
  ADD CONSTRAINT `game_stats_ibfk_1` FOREIGN KEY (`user_id`) REFERENCES `users` (`id`) ON DELETE CASCADE ON UPDATE CASCADE;

--
-- Beperkingen voor tabel `user_friends`
--
ALTER TABLE `user_friends`
  ADD CONSTRAINT `user_friends_ibfk_1` FOREIGN KEY (`user_id`) REFERENCES `users` (`id`),
  ADD CONSTRAINT `user_friends_ibfk_2` FOREIGN KEY (`friend_id`) REFERENCES `users` (`id`);
COMMIT;

/*!40101 SET CHARACTER_SET_CLIENT=@OLD_CHARACTER_SET_CLIENT */;
/*!40101 SET CHARACTER_SET_RESULTS=@OLD_CHARACTER_SET_RESULTS */;
/*!40101 SET COLLATION_CONNECTION=@OLD_COLLATION_CONNECTION */;
